2016/4/1,10.7,8,1,19.7,8,2016/4/1 12:51,8,1,2.5,8,2016/4/1 04:55,8,1
2016/4/2,9.1,8,1,12.6,8,2016/4/2 15:10,8,1,5.6,8,2016/4/2 06:32,8,1
2016/4/3,13.1,8,1,17.8,8,2016/4/3 13:13,8,1,8.8,8,2016/4/3 04:30,8,1
2016/4/4,12.6,8,1,16.5,8,2016/4/4 13:04,8,1,9.1,8,2016/4/5 0:00,8,1
2016/4/5,8.5,8,1,12.0,8,2016/4/5 14:41,8,1,2.0,8,2016/4/5 23:52,8,1
2016/4/6,10.7,8,1,20.1,8,2016/4/6 14:00,8,1,0.0,8,2016/4/6 05:32,8,1
2016/4/7,9.9,8,1,11.8,8,2016/4/7 19:07,8,1,7.2,8,2016/4/7 00:01,8,1
2016/4/8,14.1,8,1,20.4,8,2016/4/8 12:56,8,1,5.8,8,2016/4/8 23:13,8,1
2016/4/9,12.2,8,1,21.7,8,2016/4/9 14:36,8,1,2.2,8,2016/4/9 05:18,8,1
2016/4/10,13.4,8,1,21.3,8,2016/4/10 13:42,8,1,4.6,8,2016/4/10 05:36,8,1
2016/4/11,7.5,8,1,11.7,8,2016/4/11 09:52,8,1,3.2,8,2016/4/11 21:29,8,1
2016/4/12,7.7,8,1,14.5,8,2016/4/12 14:12,8,1,1.0,8,2016/4/12 04:22,8,1
2016/4/13,9.7,8,1,15.2,8,2016/4/13 15:12,8,1,5.1,8,2016/4/13 03:33,8,1
2016/4/14,15.1,8,1,20.8,8,2016/4/14 16:29,8,1,11.4,8,2016/4/14 02:16,8,1
2016/4/15,12.3,8,1,14.5,8,2016/4/15 12:39,8,1,9.0,8,2016/4/15 23:34,8,1
2016/4/16,11.1,8,1,17.5,8,2016/4/16 16:29,8,1,1.4,8,2016/4/16 05:37,8,1
2016/4/17,15.9,8,1,22.4,8,2016/4/17 17:04,8,1,9.0,8,2016/4/17 00:57,8,1
2016/4/18,15.0,8,1,23.6,8,2016/4/18 12:40,8,1,9.1,8,2016/4/18 04:44,8,1
2016/4/19,12.4,8,1,19.0,8,2016/4/19 12:37,8,1,7.1,8,2016/4/19 05:19,8,1
2016/4/20,11.8,8,1,17.5,8,2016/4/20 14:24,8,1,5.6,8,2016/4/20 05:15,8,1
2016/4/21,12.2,8,1,16.8,8,2016/4/21 13:57,8,1,6.6,8,2016/4/21 05:09,8,1
2016/4/22,16.2,8,1,24.7,8,2016/4/22 14:19,8,1,10.7,8,2016/4/22 05:29,8,1
2016/4/23,15.8,8,1,21.0,8,2016/4/23 13:19,8,1,11.4,8,2016/4/23 05:22,8,1
2016/4/24,14.3,8,1,19.5,8,2016/4/24 14:59,8,1,11.0,8,2016/4/24 04:37,8,1
2016/4/25,14.9,8,1,21.3,8,2016/4/25 15:23,8,1,8.9,8,2016/4/25 05:10,8,1
2016/4/26,17.0,8,1,24.3,8,2016/4/26 15:20,8,1,9.0,8,2016/4/26 05:11,8,1
2016/4/27,15.7,8,1,21.4,5,2016/4/27 13:18,5,1,12.3,5,2016/4/27 05:44,5,1
2016/4/28,11.7,8,1,14.8,8,2016/4/29 0:00,8,1,9.7,8,2016/4/28 08:11,8,1
2016/4/29,13.0,8,1,16.6,8,2016/4/29 11:10,8,1,8.2,8,2016/4/30 0:00,8,1
2016/4/30,12.9,8,1,19.3,8,2016/4/30 14:13,8,1,7.6,8,2016/4/30 01:02,8,1
2016/5/1,15.6,8,1,21.9,8,2016/5/1 15:22,8,1,10.1,8,2016/5/1 05:31,8,1
2016/5/2,14.4,8,1,18.7,8,2016/5/2 14:03,8,1,11.0,8,2016/5/2 05:05,8,1
2016/5/3,18.3,8,1,24.1,8,2016/5/3 14:27,8,1,13.1,8,2016/5/3 00:05,8,1
2016/5/4,18.3,8,1,26.2,8,2016/5/4 12:55,8,1,12.9,8,2016/5/4 23:55,8,1
2016/5/5,16.8,8,1,23.7,8,2016/5/5 14:47,8,1,9.6,8,2016/5/5 04:05,8,1
2016/5/6,16.2,8,1,21.0,8,2016/5/6 11:53,8,1,8.8,8,2016/5/6 04:48,8,1
2016/5/7,19.1,8,1,24.5,8,2016/5/7 15:23,8,1,13.9,8,2016/5/7 05:14,8,1
2016/5/8,18.9,8,1,24.2,8,2016/5/8 12:55,8,1,13.3,8,2016/5/9 0:00,8,1
2016/5/9,16.5,8,1,21.9,8,2016/5/9 12:42,8,1,11.4,8,2016/5/9 04:45,8,1
2016/5/10,16.4,8,1,20.1,8,2016/5/10 12:58,8,1,13.8,8,2016/5/10 23:16,8,1
2016/5/11,16.2,8,1,19.0,8,2016/5/11 16:54,8,1,13.2,8,2016/5/11 04:12,8,1
2016/5/12,19.2,8,1,26.1,8,2016/5/12 15:04,8,1,14.1,8,2016/5/12 23:55,8,1
2016/5/13,19.1,8,1,26.4,8,2016/5/13 15:13,8,1,11.4,8,2016/5/13 05:03,8,1
2016/5/14,19.7,8,1,25.3,8,2016/5/14 13:59,8,1,12.6,8,2016/5/15 0:00,8,1
2016/5/15,15.6,8,1,23.3,8,2016/5/15 15:57,8,1,10.2,8,2016/5/15 05:22,8,1
2016/5/16,16.1,8,1,19.1,8,2016/5/16 15:38,8,1,12.4,8,2016/5/16 05:19,8,1
2016/5/17,15.2,8,1,17.5,8,2016/5/17 00:37,8,1,11.9,8,2016/5/18 0:00,8,1
2016/5/18,17.5,8,1,26.5,8,2016/5/18 15:20,8,1,7.6,8,2016/5/18 04:55,8,1
2016/5/19,18.6,8,1,26.2,8,2016/5/19 14:25,8,1,10.3,8,2016/5/19 03:46,8,1
2016/5/20,15.8,8,1,21.3,8,2016/5/20 15:51,8,1,10.4,8,2016/5/20 03:33,8,1
2016/5/21,17.0,8,1,25.4,8,2016/5/21 13:03,8,1,10.1,8,2016/5/21 04:19,8,1
2016/5/22,20.8,8,1,28.1,8,2016/5/22 15:00,8,1,13.9,8,2016/5/22 04:22,8,1
2016/5/23,22.0,8,1,31.7,8,2016/5/23 15:21,8,1,12.7,8,2016/5/23 04:01,8,1
2016/5/24,21.6,8,1,29.2,8,2016/5/24 13:25,8,1,13.7,8,2016/5/24 04:46,8,1
2016/5/25,19.8,8,1,23.1,8,2016/5/25 14:45,8,1,17.1,8,2016/5/25 05:32,8,1
2016/5/26,21.8,8,1,28.1,8,2016/5/26 13:25,8,1,17.0,8,2016/5/26 03:00,8,1
2016/5/27,18.6,8,1,21.3,8,2016/5/27 16:35,8,1,15.9,8,2016/5/27 22:32,8,1
2016/5/28,18.6,8,1,23.6,8,2016/5/28 15:38,8,1,14.8,8,2016/5/28 05:38,8,1
2016/5/29,21.0,8,1,28.8,8,2016/5/29 14:20,8,1,13.2,8,2016/5/29 02:11,8,1
2016/5/30,17.7,8,1,21.4,8,2016/5/30 11:36,8,1,16.0,8,2016/5/30 22:36,8,1
2016/5/31,20.0,8,1,25.1,8,2016/5/31 14:46,8,1,15.0,8,2016/5/31 04:40,8,1
2016/6/1,19.3,8,1,24.0,8,2016/6/1 12:52,8,1,15.6,8,2016/6/2 0:00,8,1
2016/6/2,17.2,8,1,22.7,8,2016/6/2 13:49,8,1,10.3,8,2016/6/3 0:00,8,1
2016/6/3,16.9,8,1,24.3,8,2016/6/3 15:03,8,1,9.1,8,2016/6/3 02:00,8,1
2016/6/4,19.5,8,1,26.8,8,2016/6/4 12:39,8,1,11.0,8,2016/6/4 04:34,8,1
2016/6/5,21.5,8,1,27.3,8,2016/6/5 14:36,8,1,17.3,8,2016/6/6 0:00,8,1
2016/6/6,18.6,8,1,24.4,8,2016/6/6 13:00,8,1,15.3,8,2016/6/6 03:43,8,1
2016/6/7,16.9,8,1,19.2,8,2016/6/7 14:07,8,1,15.1,8,2016/6/7 05:01,8,1
2016/6/8,21.2,8,1,27.3,8,2016/6/8 12:38,8,1,16.8,8,2016/6/8 04:46,8,1
2016/6/9,20.6,8,1,24.6,8,2016/6/9 15:42,8,1,18.3,8,2016/6/9 04:46,8,1
2016/6/10,22.6,8,1,29.8,8,2016/6/10 14:13,8,1,16.7,8,2016/6/10 04:16,8,1
2016/6/11,22.6,8,1,29.7,8,2016/6/11 15:22,8,1,16.0,8,2016/6/11 04:38,8,1
2016/6/12,22.3,8,1,28.7,8,2016/6/12 14:34,8,1,17.9,8,2016/6/12 00:34,8,1
2016/6/13,18.2,8,1,20.6,8,2016/6/13 00:10,8,1,16.0,8,2016/6/13 07:35,8,1
2016/6/14,20.5,8,1,24.6,8,2016/6/14 16:09,8,1,16.4,8,2016/6/14 01:14,8,1
2016/6/15,17.3,8,1,19.6,8,2016/6/15 15:42,8,1,15.8,8,2016/6/15 05:53,8,1
2016/6/16,19.1,8,1,21.0,8,2016/6/16 15:37,8,1,16.8,8,2016/6/16 00:19,8,1
2016/6/17,22.8,8,1,29.8,8,2016/6/17 13:00,8,1,17.3,8,2016/6/17 23:31,8,1
2016/6/18,24.0,8,1,30.7,8,2016/6/18 14:29,8,1,15.4,8,2016/6/18 02:46,8,1
2016/6/19,22.5,8,1,28.0,8,2016/6/19 10:55,8,1,17.1,8,2016/6/19 03:52,8,1
2016/6/20,22.2,8,1,30.0,8,2016/6/20 13:17,8,1,18.0,8,2016/6/20 05:06,8,1
2016/6/21,22.2,8,1,27.0,8,2016/6/21 13:12,8,1,18.2,8,2016/6/21 04:37,8,1
2016/6/22,21.1,8,1,24.3,8,2016/6/22 10:51,8,1,19.9,8,2016/6/22 22:10,8,1
2016/6/23,20.5,8,1,23.6,8,2016/6/23 13:48,8,1,17.7,8,2016/6/23 23:46,8,1
2016/6/24,19.8,8,1,22.4,8,2016/6/24 10:30,8,1,17.2,8,2016/6/24 03:44,8,1
2016/6/25,21.5,8,1,24.7,8,2016/6/25 13:40,8,1,19.2,8,2016/6/25 03:19,8,1
2016/6/26,22.3,8,1,27.7,8,2016/6/26 12:44,8,1,16.7,8,2016/6/26 04:25,8,1
2016/6/27,21.6,8,1,28.4,8,2016/6/27 13:33,8,1,14.8,8,2016/6/27 04:20,8,1
2016/6/28,18.4,8,1,20.3,8,2016/6/28 12:44,8,1,16.6,8,2016/6/28 08:28,8,1
2016/6/29,20.6,8,1,25.0,8,2016/6/29 13:12,8,1,17.3,8,2016/6/29 04:31,8,1
2016/6/30,21.9,8,1,26.0,8,2016/6/30 13:56,8,1,19.0,8,2016/6/30 04:17,8,1
2016/7/1,24.1,8,1,31.7,8,2016/7/1 15:30,8,1,19.5,8,2016/7/1 03:15,8,1
2016/7/2,23.5,8,1,26.8,8,2016/7/2 15:07,8,1,20.8,8,2016/7/2 04:23,8,1
2016/7/3,25.4,8,1,30.9,8,2016/7/3 16:48,8,1,21.6,8,2016/7/3 03:19,8,1
2016/7/4,23.4,8,1,26.8,8,2016/7/4 13:40,8,1,20.9,8,2016/7/4 01:35,8,1
2016/7/5,18.4,8,1,22.4,8,2016/7/5 00:01,8,1,17.0,8,2016/7/5 19:32,8,1
2016/7/6,19.4,8,1,22.7,8,2016/7/6 15:37,8,1,17.0,8,2016/7/6 06:00,8,1
2016/7/7,23.1,8,1,31.3,8,2016/7/7 13:49,8,1,17.4,8,2016/7/7 04:19,8,1
2016/7/8,21.6,8,1,24.7,8,2016/7/8 14:30,8,1,18.6,8,2016/7/8 03:14,8,1
2016/7/9,20.8,8,1,22.7,8,2016/7/9 10:17,8,1,18.4,8,2016/7/9 22:48,8,1
2016/7/10,23.8,8,1,30.7,8,2016/7/10 15:29,8,1,18.4,8,2016/7/10 01:56,8,1
2016/7/11,25.1,8,1,32.5,8,2016/7/11 13:38,8,1,18.8,8,2016/7/11 04:57,8,1
2016/7/12,24.0,8,1,30.9,8,2016/7/12 13:47,8,1,18.8,8,2016/7/12 04:19,8,1
2016/7/13,23.4,8,1,25.8,8,2016/7/13 11:58,8,1,21.2,8,2016/7/13 04:54,8,1
2016/7/14,24.3,8,1,30.9,8,2016/7/14 12:27,8,1,21.6,8,2016/7/15 0:00,8,1
2016/7/15,21.7,8,1,25.4,8,2016/7/15 10:07,8,1,19.3,8,2016/7/15 03:16,8,1
2016/7/16,21.8,8,1,27.0,8,2016/7/16 13:43,8,1,18.8,8,2016/7/16 06:00,8,1
2016/7/17,23.8,8,1,27.3,8,2016/7/17 16:08,8,1,20.5,8,2016/7/17 01:42,8,1
2016/7/18,25.7,8,1,32.7,8,2016/7/18 12:21,8,1,22.3,8,2016/7/18 05:11,8,1
2016/7/19,25.3,8,1,31.5,8,2016/7/19 16:01,8,1,21.5,8,2016/7/19 23:26,8,1
2016/7/20,24.0,8,1,29.9,8,2016/7/20 12:59,8,1,20.9,8,2016/7/20 22:51,8,1
2016/7/21,20.8,8,1,23.5,8,2016/7/21 15:17,8,1,18.9,8,2016/7/22 0:00,8,1
2016/7/22,19.4,8,1,22.3,8,2016/7/22 13:26,8,1,17.0,8,2016/7/23 0:00,8,1
2016/7/23,20.0,8,1,24.7,8,2016/7/23 14:34,8,1,14.9,8,2016/7/23 03:04,8,1
2016/7/24,21.8,8,1,28.7,8,2016/7/24 13:40,8,1,16.7,8,2016/7/24 04:17,8,1
2016/7/25,22.7,8,1,27.8,8,2016/7/25 15:29,8,1,18.9,8,2016/7/25 02:42,8,1
2016/7/26,21.1,8,1,24.4,8,2016/7/26 13:20,8,1,19.9,8,2016/7/26 19:34,8,1
2016/7/27,22.7,8,1,26.2,8,2016/7/27 14:13,8,1,19.9,8,2016/7/27 01:42,8,1
2016/7/28,24.6,8,1,29.0,8,2016/7/28 15:20,8,1,21.2,8,2016/7/28 04:04,8,1
2016/7/29,26.2,8,1,32.2,8,2016/7/29 15:34,8,1,21.9,8,2016/7/30 0:00,8,1
2016/7/30,25.7,8,1,33.3,8,2016/7/30 14:09,8,1,19.4,8,2016/7/30 04:59,8,1
2016/7/31,25.8,8,1,32.3,8,2016/7/31 15:05,8,1,20.8,8,2016/7/31 05:10,8,1
2016/8/1,26.3,8,1,32.1,8,2016/8/1 13:55,8,1,22.9,8,2016/8/1 03:29,8,1
2016/8/2,24.6,8,1,31.8,8,2016/8/2 12:11,8,1,22.7,8,2016/8/2 20:16,8,1
2016/8/3,24.9,8,1,31.4,8,2016/8/3 14:54,8,1,21.7,8,2016/8/3 17:33,8,1
2016/8/4,26.0,8,1,33.1,8,2016/8/4 14:28,8,1,21.5,8,2016/8/4 02:35,8,1
2016/8/5,27.1,8,1,33.8,8,2016/8/5 13:40,8,1,22.0,8,2016/8/5 05:07,8,1
2016/8/6,27.3,8,1,34.7,8,2016/8/6 14:43,8,1,22.3,8,2016/8/6 05:17,8,1
2016/8/7,27.0,8,1,33.1,8,2016/8/7 14:07,8,1,22.6,8,2016/8/7 04:34,8,1
2016/8/8,25.4,8,1,28.8,8,2016/8/8 15:51,8,1,21.9,8,2016/8/8 03:57,8,1
2016/8/9,27.9,8,1,32.9,8,2016/8/9 11:19,8,1,22.3,8,2016/8/9 02:03,8,1
2016/8/10,25.8,8,1,32.1,8,2016/8/10 12:51,8,1,22.0,8,2016/8/10 04:52,8,1
2016/8/11,24.5,8,1,30.5,8,2016/8/11 15:14,8,1,21.5,8,2016/8/11 02:58,8,1
2016/8/12,24.3,8,1,31.0,8,2016/8/12 14:55,8,1,19.9,8,2016/8/12 05:05,8,1
2016/8/13,23.9,8,1,30.4,8,2016/8/13 14:47,8,1,19.3,8,2016/8/13 05:08,8,1
2016/8/14,22.4,8,1,26.8,8,2016/8/14 13:28,8,1,19.7,8,2016/8/14 22:13,8,1
2016/8/15,22.5,8,1,25.8,8,2016/8/15 15:12,8,1,20.4,8,2016/8/15 02:53,8,1
2016/8/16,25.9,8,1,31.7,8,2016/8/16 13:15,8,1,21.4,8,2016/8/16 05:21,8,1
2016/8/17,26.2,8,1,32.1,8,2016/8/17 12:59,8,1,23.2,8,2016/8/17 03:15,8,1
2016/8/18,24.2,8,1,25.7,8,2016/8/18 12:00,8,1,22.8,8,2016/8/18 05:27,8,1
2016/8/19,26.7,8,1,32.3,8,2016/8/19 14:11,8,1,23.6,8,2016/8/19 05:05,8,1
2016/8/20,25.1,8,1,29.7,8,2016/8/20 14:32,8,1,22.7,8,2016/8/21 0:00,8,1
2016/8/21,26.2,8,1,32.2,8,2016/8/21 14:40,8,1,20.6,8,2016/8/21 05:25,8,1
2016/8/22,24.0,8,1,27.1,8,2016/8/22 09:07,8,1,21.3,8,2016/8/22 23:38,8,1
2016/8/23,24.2,8,1,30.9,8,2016/8/23 13:04,8,1,20.4,8,2016/8/23 03:55,8,1
2016/8/24,23.8,8,1,28.6,8,2016/8/24 14:16,8,1,20.8,8,2016/8/24 03:12,8,1
2016/8/25,26.1,8,1,31.8,8,2016/8/25 13:49,8,1,22.5,8,2016/8/25 00:46,8,1
2016/8/26,26.6,8,1,32.1,8,2016/8/26 13:20,8,1,22.8,8,2016/8/26 23:14,8,1
2016/8/27,22.1,8,1,23.4,8,2016/8/27 03:30,8,1,19.4,8,2016/8/28 0:00,8,1
2016/8/28,21.6,8,1,25.8,8,2016/8/28 12:52,8,1,19.2,8,2016/8/28 05:06,8,1
2016/8/29,23.9,8,1,28.1,8,2016/8/29 12:45,8,1,20.3,8,2016/8/29 01:09,8,1
2016/8/30,24.0,8,1,27.8,8,2016/8/30 16:05,8,1,21.3,8,2016/8/30 23:38,8,1
2016/8/31,23.7,8,1,30.0,8,2016/8/31 15:17,8,1,18.7,8,2016/9/1 0:00,8,1
2016/9/1,23.9,8,1,31.1,8,2016/9/1 14:57,8,1,17.3,8,2016/9/1 05:32,8,1
2016/9/2,24.5,8,1,31.3,8,2016/9/2 14:25,8,1,19.5,8,2016/9/2 04:20,8,1
2016/9/3,24.9,8,1,31.9,8,2016/9/3 14:15,8,1,19.1,8,2016/9/3 04:56,8,1
2016/9/4,24.7,8,1,30.4,8,2016/9/4 12:41,8,1,21.4,8,2016/9/4 04:31,8,1
2016/9/5,26.6,8,1,32.5,8,2016/9/5 14:31,8,1,23.0,8,2016/9/5 03:58,8,1
2016/9/6,27.0,8,1,32.3,8,2016/9/6 13:48,8,1,23.6,8,2016/9/6 23:14,8,1
2016/9/7,25.0,8,1,30.2,8,2016/9/7 15:42,8,1,22.4,8,2016/9/7 23:19,8,1
2016/9/8,23.3,8,1,25.6,8,2016/9/8 13:29,8,1,21.9,8,2016/9/8 09:02,8,1
2016/9/9,24.0,8,1,29.4,8,2016/9/9 12:22,8,1,20.4,8,2016/9/9 05:46,8,1
2016/9/10,23.9,8,1,30.1,8,2016/9/10 14:17,8,1,19.6,8,2016/9/10 01:54,8,1
2016/9/11,23.1,8,1,28.1,8,2016/9/11 13:33,8,1,19.0,8,2016/9/11 05:33,8,1
2016/9/12,22.1,8,1,25.8,8,2016/9/12 13:44,8,1,19.2,8,2016/9/12 23:56,8,1
2016/9/13,20.3,8,1,23.0,8,2016/9/13 14:34,8,1,19.1,8,2016/9/13 01:40,8,1
2016/9/14,22.2,8,1,27.2,8,2016/9/14 15:37,8,1,18.6,8,2016/9/14 06:19,8,1
2016/9/15,22.5,8,1,28.2,8,2016/9/15 13:40,8,1,19.6,8,2016/9/16 0:00,8,1
2016/9/16,21.4,8,1,25.2,8,2016/9/16 13:39,8,1,19.1,8,2016/9/16 04:05,8,1
2016/9/17,22.4,8,1,27.7,8,2016/9/17 15:04,8,1,18.1,8,2016/9/17 05:34,8,1
2016/9/18,19.8,8,1,21.9,8,2016/9/18 13:51,8,1,18.7,8,2016/9/18 01:15,8,1
2016/9/19,19.9,8,1,22.0,8,2016/9/19 12:11,8,1,18.5,8,2016/9/20 0:00,8,1
2016/9/20,17.6,8,1,18.8,8,2016/9/20 13:09,8,1,16.2,8,2016/9/21 0:00,8,1
2016/9/21,18.2,8,1,22.8,8,2016/9/21 14:41,8,1,15.7,8,2016/9/21 04:11,8,1
2016/9/22,17.8,8,1,19.2,8,2016/9/22 12:54,8,1,16.5,8,2016/9/22 04:11,8,1
2016/9/23,19.7,8,1,22.3,8,2016/9/23 11:25,8,1,17.2,8,2016/9/23 03:16,8,1
2016/9/24,19.2,8,1,21.3,8,2016/9/24 10:38,8,1,16.2,8,2016/9/24 05:20,8,1
2016/9/25,22.6,8,1,28.6,8,2016/9/25 14:23,8,1,18.0,8,2016/9/25 05:33,8,1
2016/9/26,22.4,8,1,26.4,8,2016/9/26 13:26,8,1,20.8,8,2016/9/27 0:00,8,1
2016/9/27,23.8,8,1,28.8,8,2016/9/27 14:11,8,1,20.5,8,2016/9/27 06:21,8,1
2016/9/28,23.4,8,1,26.2,8,2016/9/28 12:35,8,1,22.0,8,2016/9/28 22:37,8,1
2016/9/29,21.1,8,1,24.8,8,2016/9/29 14:03,8,1,15.7,8,2016/9/29 23:57,8,1
2016/9/30,17.3,8,1,23.0,8,2016/9/30 12:35,8,1,10.5,8,2016/9/30 05:53,8,1
2016/10/1,18.5,8,1,23.1,8,2016/10/1 13:38,8,1,16.0,8,2016/10/1 04:42,8,1
2016/10/2,21.4,8,1,28.4,8,2016/10/2 13:51,8,1,16.3,8,2016/10/2 04:52,8,1
2016/10/3,21.1,8,1,23.6,8,2016/10/3 12:22,8,1,19.2,8,2016/10/3 04:38,8,1
2016/10/4,22.3,8,1,30.8,8,2016/10/4 11:56,8,1,16.0,8,2016/10/5 0:00,8,1
2016/10/5,18.9,8,1,23.8,8,2016/10/5 10:49,8,1,14.6,8,2016/10/5 01:24,8,1
2016/10/6,22.9,8,1,27.1,8,2016/10/6 11:01,8,1,18.8,8,2016/10/6 23:48,8,1
2016/10/7,18.1,8,1,23.8,8,2016/10/7 13:38,8,1,13.9,8,2016/10/7 21:26,8,1
2016/10/8,17.1,8,1,19.4,8,2016/10/8 15:53,8,1,14.9,8,2016/10/8 02:06,8,1
2016/10/9,18.3,8,1,22.4,8,2016/10/9 13:01,8,1,12.4,8,2016/10/9 23:23,8,1
2016/10/10,15.2,8,1,19.9,8,2016/10/10 11:18,8,1,12.3,8,2016/10/10 06:34,8,1
2016/10/11,13.7,8,1,16.8,8,2016/10/11 13:17,8,1,10.1,8,2016/10/11 23:41,8,1
2016/10/12,14.6,8,1,23.0,8,2016/10/12 14:23,8,1,5.7,8,2016/10/12 06:01,8,1
2016/10/13,13.3,8,1,15.6,8,2016/10/13 12:50,8,1,11.9,8,2016/10/14 0:00,8,1
2016/10/14,12.9,8,1,20.2,8,2016/10/14 14:24,8,1,6.9,8,2016/10/14 23:54,8,1
2016/10/15,12.7,8,1,22.4,8,2016/10/15 13:11,8,1,4.3,8,2016/10/15 05:24,8,1
2016/10/16,14.7,8,1,23.7,8,2016/10/16 13:41,8,1,5.0,8,2016/10/16 05:48,8,1
2016/10/17,15.6,8,1,17.6,8,2016/10/17 15:25,8,1,13.9,8,2016/10/17 06:29,8,1
2016/10/18,19.1,8,1,27.0,8,2016/10/18 14:06,8,1,14.0,8,2016/10/18 06:23,8,1
2016/10/19,18.0,8,1,23.4,8,2016/10/19 11:51,8,1,12.9,8,2016/10/19 01:50,8,1
2016/10/20,19.2,8,1,26.1,8,2016/10/20 11:47,8,1,11.9,8,2016/10/20 05:48,8,1
2016/10/21,15.3,8,1,21.3,8,2016/10/21 13:10,8,1,9.1,8,2016/10/21 23:18,8,1
2016/10/22,12.1,8,1,16.6,8,2016/10/22 12:40,8,1,5.0,8,2016/10/22 05:46,8,1
2016/10/23,15.5,8,1,21.9,8,2016/10/23 13:23,8,1,10.4,8,2016/10/23 23:07,8,1
2016/10/24,11.8,8,1,18.4,8,2016/10/24 13:44,8,1,4.5,8,2016/10/24 23:27,8,1
2016/10/25,9.9,8,1,17.0,8,2016/10/25 10:49,8,1,1.1,8,2016/10/25 05:57,8,1
2016/10/26,17.3,8,1,26.0,8,2016/10/26 13:52,8,1,10.7,8,2016/10/26 04:14,8,1
2016/10/27,14.9,8,1,19.9,8,2016/10/27 13:28,8,1,5.7,8,2016/10/27 20:59,8,1
2016/10/28,8.3,8,1,10.8,8,2016/10/28 11:08,8,1,3.2,8,2016/10/28 02:39,8,1
2016/10/29,13.2,8,1,19.6,8,2016/10/29 10:58,8,1,8.4,8,2016/10/30 0:00,8,1
2016/10/30,9.2,8,1,13.9,8,2016/10/30 15:04,8,1,4.7,8,2016/10/30 23:58,8,1
2016/10/31,10.8,8,1,17.8,8,2016/10/31 13:16,8,1,4.0,8,2016/10/31 02:30,8,1
2016/11/1,10.8,8,1,17.1,8,2016/11/1 14:10,8,1,6.8,8,2016/11/1 23:52,8,1
2016/11/2,8.3,8,1,12.4,8,2016/11/2 12:38,8,1,4.6,8,2016/11/2 04:04,8,1
2016/11/3,10.2,8,1,17.9,8,2016/11/3 11:44,8,1,3.9,8,2016/11/3 23:39,8,1
2016/11/4,9.0,8,1,15.3,8,2016/11/4 14:21,8,1,2.1,8,2016/11/4 23:56,8,1
2016/11/5,9.6,8,1,18.3,8,2016/11/5 13:43,8,1,1.2,8,2016/11/5 01:52,8,1
2016/11/6,10.6,8,1,16.2,8,2016/11/6 12:53,8,1,4.3,8,2016/11/6 23:27,8,1
2016/11/7,5.9,8,1,12.6,8,2016/11/7 14:36,8,1,-0.3,8,2016/11/7 05:18,8,1
2016/11/8,7.2,8,1,13.1,8,2016/11/8 14:26,8,1,-1.1,8,2016/11/8 05:58,8,1
2016/11/9,7.8,8,1,11.8,8,2016/11/9 00:09,8,1,2.5,8,2016/11/9 23:14,8,1
2016/11/10,6.9,8,1,11.3,8,2016/11/10 12:55,8,1,1.7,8,2016/11/10 02:59,8,1
2016/11/11,7.5,8,1,9.6,8,2016/11/11 15:17,8,1,4.6,8,2016/11/11 03:31,8,1
2016/11/12,10.3,8,1,17.6,8,2016/11/12 14:13,8,1,3.4,8,2016/11/12 23:53,8,1
2016/11/13,9.3,8,1,17.4,8,2016/11/13 14:07,8,1,1.2,8,2016/11/13 06:38,8,1
2016/11/14,11.6,8,1,17.3,8,2016/11/14 12:52,8,1,4.8,8,2016/11/14 04:44,8,1
2016/11/15,13.6,8,1,19.1,8,2016/11/15 13:42,8,1,10.0,8,2016/11/16 0:00,8,1
2016/11/16,8.8,8,1,13.5,8,2016/11/16 13:50,8,1,1.6,8,2016/11/16 23:52,8,1
2016/11/17,7.3,8,1,15.8,8,2016/11/17 13:56,8,1,-0.9,8,2016/11/17 05:03,8,1
2016/11/18,6.3,8,1,13.3,8,2016/11/18 13:17,8,1,-1.6,8,2016/11/18 06:21,8,1
2016/11/19,7.8,8,1,10.8,8,2016/11/19 17:48,8,1,4.5,8,2016/11/19 05:11,8,1
2016/11/20,10.7,8,1,16.3,8,2016/11/20 19:58,8,1,6.2,8,2016/11/20 00:05,8,1
2016/11/21,9.3,8,1,12.0,8,2016/11/21 13:46,8,1,5.4,8,2016/11/21 05:43,8,1
2016/11/22,12.1,8,1,19.3,8,2016/11/22 14:09,8,1,6.8,8,2016/11/22 07:22,8,1
2016/11/23,7.9,8,1,12.1,8,2016/11/23 00:17,8,1,4.5,8,2016/11/24 0:00,8,1
2016/11/24,1.0,8,1,4.7,8,2016/11/24 00:50,8,1,-3.0,8,2016/11/24 22:12,8,1
2016/11/25,1.4,8,1,8.8,8,2016/11/25 14:03,8,1,-5.9,8,2016/11/25 06:00,8,1
2016/11/26,4.9,8,1,10.8,8,2016/11/26 13:44,8,1,-2.1,8,2016/11/26 06:46,8,1
2016/11/27,8.7,8,1,12.3,8,2016/11/27 12:24,8,1,5.4,8,2016/11/27 03:35,8,1
2016/11/28,8.4,8,1,11.9,8,2016/11/28 11:29,8,1,5.4,8,2016/11/28 19:45,8,1
2016/11/29,7.5,8,1,10.9,8,2016/11/29 13:47,8,1,3.7,8,2016/11/29 01:53,8,1
2016/11/30,6.0,8,1,10.0,8,2016/11/30 12:26,8,1,2.2,8,2016/11/30 05:30,8,1
2016/12/1,8.9,8,1,14.2,8,2016/12/1 15:30,8,1,5.3,8,2016/12/1 05:16,8,1
2016/12/2,9.2,8,1,12.3,8,2016/12/2 13:26,8,1,4.4,8,2016/12/2 06:31,8,1
2016/12/3,6.5,8,1,15.6,8,2016/12/3 13:51,8,1,-1.1,8,2016/12/3 05:30,8,1
2016/12/4,7.7,8,1,14.7,8,2016/12/4 12:55,8,1,0.6,8,2016/12/4 06:16,8,1
2016/12/5,10.5,8,1,18.2,8,2016/12/5 13:35,8,1,4.1,8,2016/12/5 06:50,8,1
2016/12/6,6.0,8,1,13.0,8,2016/12/6 09:25,8,1,1.4,8,2016/12/6 06:59,8,1
2016/12/7,4.4,8,1,9.6,8,2016/12/7 13:30,8,1,-0.9,8,2016/12/7 07:14,8,1
2016/12/8,4.1,8,1,10.8,8,2016/12/8 13:38,8,1,-2.3,8,2016/12/8 04:39,8,1
2016/12/9,6.4,8,1,14.2,8,2016/12/9 14:12,8,1,-0.9,8,2016/12/9 06:57,8,1
2016/12/10,4.3,8,1,8.2,8,2016/12/10 12:19,8,1,-0.2,8,2016/12/10 05:24,8,1
2016/12/11,2.2,8,1,6.4,8,2016/12/11 12:14,8,1,-3.6,8,2016/12/11 03:52,8,1
2016/12/12,2.4,8,1,9.0,8,2016/12/12 13:22,8,1,-3.3,8,2016/12/12 06:57,8,1
2016/12/13,4.4,8,1,9.1,8,2016/12/13 14:21,8,1,-1.9,8,2016/12/13 06:49,8,1
2016/12/14,5.2,8,1,8.9,8,2016/12/14 12:28,8,1,0.3,8,2016/12/14 23:50,8,1
2016/12/15,2.2,8,1,7.5,8,2016/12/15 12:43,8,1,-3.3,8,2016/12/15 23:57,8,1
2016/12/16,0.6,8,1,6.3,8,2016/12/16 11:41,8,1,-4.4,8,2016/12/16 04:13,8,1
2016/12/17,1.7,8,1,8.8,8,2016/12/17 13:39,8,1,-6.3,8,2016/12/17 05:49,8,1
2016/12/18,3.8,8,1,12.4,8,2016/12/18 14:21,8,1,-3.3,8,2016/12/18 06:13,8,1
2016/12/19,4.6,8,1,14.7,8,2016/12/19 14:07,8,1,-0.9,8,2016/12/19 05:52,8,1
2016/12/20,6.6,8,1,15.1,8,2016/12/20 12:41,8,1,-1.8,8,2016/12/20 06:44,8,1
2016/12/21,6.0,8,1,16.1,8,2016/12/21 13:54,8,1,-0.2,8,2016/12/21 06:53,8,1
2016/12/22,8.4,8,1,13.9,8,2016/12/22 22:55,8,1,-0.2,8,2016/12/22 00:31,8,1
2016/12/23,11.0,8,1,14.3,8,2016/12/23 10:36,8,1,4.4,8,2016/12/23 23:40,8,1
2016/12/24,5.1,8,1,8.5,8,2016/12/24 13:20,8,1,2.1,8,2016/12/25 0:00,8,1
2016/12/25,1.9,8,1,9.7,8,2016/12/25 13:38,8,1,-3.4,8,2016/12/25 06:15,8,1
2016/12/26,2.3,8,1,8.3,8,2016/12/26 13:59,8,1,-3.7,8,2016/12/26 05:47,8,1
2016/12/27,6.0,8,1,12.5,8,2016/12/27 14:05,8,1,1.2,8,2016/12/27 06:04,8,1
2016/12/28,2.5,8,1,6.6,8,2016/12/28 13:52,8,1,-4.2,8,2016/12/28 23:38,8,1
2016/12/29,0.6,8,1,6.5,8,2016/12/29 14:24,8,1,-5.2,8,2016/12/29 02:23,8,1
2016/12/30,2.2,8,1,5.6,8,2016/12/30 13:14,8,1,-2.8,8,2016/12/30 23:57,8,1
2016/12/31,1.0,8,1,9.3,8,2016/12/31 14:00,8,1,-6.7,8,2016/12/31 05:45,8,1
2017/1/1,3.7,8,1,11.4,8,2017/1/1 14:52,8,1,-1.8,8,2017/1/1 02:46,8,1
2017/1/2,2.3,8,1,12.2,8,2017/1/2 14:31,8,1,-3.3,8,2017/1/2 03:45,8,1
2017/1/3,5.0,8,1,9.5,8,2017/1/3 11:33,8,1,-2.6,8,2017/1/3 00:13,8,1
2017/1/4,3.0,8,1,10.0,8,2017/1/4 14:26,8,1,-3.8,8,2017/1/4 04:58,8,1
2017/1/5,3.7,8,1,7.6,8,2017/1/5 11:48,8,1,-0.9,8,2017/1/5 23:37,8,1
2017/1/6,0.4,8,1,6.9,8,2017/1/6 13:32,8,1,-5.7,8,2017/1/7 0:00,8,1
2017/1/7,-0.3,8,1,8.7,8,2017/1/7 13:55,8,1,-8.1,8,2017/1/7 06:02,8,1
2017/1/8,1.6,8,1,9.1,8,2017/1/8 12:38,8,1,-6.2,8,2017/1/8 06:56,8,1
2017/1/9,5.6,8,1,10.3,8,2017/1/9 14:52,8,1,1.8,8,2017/1/9 21:50,8,1
2017/1/10,6.3,8,1,10.5,8,2017/1/10 13:38,8,1,1.5,8,2017/1/10 20:53,8,1
2017/1/11,2.1,8,1,6.7,8,2017/1/11 13:43,8,1,-3.1,8,2017/1/11 23:58,8,1
2017/1/12,-0.2,8,1,7.3,8,2017/1/12 14:32,8,1,-6.1,8,2017/1/12 07:02,8,1
2017/1/13,0.1,8,1,5.4,8,2017/1/13 11:36,8,1,-5.6,8,2017/1/13 03:51,8,1
2017/1/14,-2.0,8,1,1.1,8,2017/1/14 12:29,8,1,-4.8,8,2017/1/14 23:38,8,1
2017/1/15,-2.6,8,1,1.8,8,2017/1/15 13:37,8,1,-8.4,8,2017/1/15 06:59,8,1
2017/1/16,-1.0,8,1,4.3,8,2017/1/16 13:15,8,1,-7.4,8,2017/1/16 02:56,8,1
2017/1/17,1.5,8,1,6.4,8,2017/1/17 11:26,8,1,-3.0,8,2017/1/17 02:38,8,1
2017/1/18,2.0,8,1,8.8,8,2017/1/18 13:46,8,1,-3.3,8,2017/1/18 05:10,8,1
2017/1/19,2.1,8,1,7.2,8,2017/1/19 12:35,8,1,-3.8,8,2017/1/19 04:32,8,1
2017/1/20,0.5,8,1,3.9,8,2017/1/20 11:45,8,1,-2.4,8,2017/1/20 02:48,8,1
2017/1/21,2.0,8,1,6.2,8,2017/1/21 13:52,8,1,-3.2,8,2017/1/21 23:54,8,1
2017/1/22,2.9,8,1,9.8,8,2017/1/22 14:13,8,1,-2.8,8,2017/1/22 00:02,8,1
2017/1/23,0.4,8,1,3.7,8,2017/1/23 11:07,8,1,-3.2,8,2017/1/23 22:24,8,1
2017/1/24,-2.1,8,1,1.7,8,2017/1/24 13:54,8,1,-6.7,8,2017/1/24 04:10,8,1
2017/1/25,-0.7,8,1,5.5,8,2017/1/25 13:00,8,1,-8.6,8,2017/1/25 06:28,8,1
2017/1/26,-0.4,8,1,8.6,8,2017/1/26 13:59,8,1,-8.7,8,2017/1/26 06:33,8,1
2017/1/27,2.2,8,1,8.5,8,2017/1/27 15:47,8,1,-5.5,8,2017/1/27 01:06,8,1
2017/1/28,4.7,8,1,10.8,8,2017/1/28 13:22,8,1,-2.9,8,2017/1/28 23:47,8,1
2017/1/29,4.3,8,1,10.9,8,2017/1/29 14:55,8,1,-3.5,8,2017/1/29 00:56,8,1
2017/1/30,6.1,8,1,16.6,8,2017/1/30 14:06,8,1,0.8,8,2017/1/30 05:15,8,1
2017/1/31,1.7,8,1,6.2,8,2017/1/31 13:29,8,1,-4.8,8,2017/1/31 23:45,8,1
2017/2/1,0.1,8,1,7.8,8,2017/2/1 14:54,8,1,-7.5,8,2017/2/1 06:03,8,1
2017/2/2,0.4,8,1,4.7,8,2017/2/2 13:35,8,1,-1.9,8,2017/2/2 20:00,8,1
2017/2/3,4.1,8,1,8.1,8,2017/2/3 12:39,8,1,-1.2,8,2017/2/3 02:47,8,1
2017/2/4,5.2,8,1,11.2,8,2017/2/4 13:28,8,1,-2.9,8,2017/2/4 22:17,8,1
2017/2/5,2.7,8,1,10.4,8,2017/2/5 13:05,8,1,-5.3,8,2017/2/5 04:28,8,1
2017/2/6,5.8,8,1,11.5,8,2017/2/6 11:08,8,1,2.1,8,2017/2/6 02:16,8,1
2017/2/7,2.3,8,1,5.7,8,2017/2/7 11:25,8,1,-0.3,8,2017/2/7 18:00,8,1
2017/2/8,1.3,8,1,7.3,8,2017/2/8 14:28,8,1,-3.5,8,2017/2/8 06:55,8,1
2017/2/9,-0.1,8,1,1.1,8,2017/2/9 15:10,8,1,-2.2,8,2017/2/9 00:01,8,1
2017/2/10,1.0,8,1,4.0,8,2017/2/10 12:26,8,1,-3.0,8,2017/2/10 07:46,8,1
2017/2/11,0.4,8,1,6.2,8,2017/2/11 13:37,8,1,-7.0,8,2017/2/11 05:17,8,1
2017/2/12,2.9,8,1,7.0,8,2017/2/12 14:12,8,1,-2.1,8,2017/2/12 04:28,8,1
2017/2/13,3.4,8,1,8.4,8,2017/2/13 12:27,8,1,-1.7,8,2017/2/13 23:13,8,1
2017/2/14,2.2,8,1,8.5,8,2017/2/14 12:16,8,1,-5.4,8,2017/2/14 06:31,8,1
2017/2/15,3.1,8,1,9.2,8,2017/2/15 13:13,8,1,-4.3,8,2017/2/15 05:50,8,1
2017/2/16,2.4,8,1,12.4,8,2017/2/16 14:18,8,1,-6.4,8,2017/2/16 06:00,8,1
2017/2/17,7.0,8,1,19.9,8,2017/2/17 15:11,8,1,-4.8,8,2017/2/17 06:50,8,1
2017/2/18,4.2,8,1,9.3,8,2017/2/18 14:47,8,1,0.8,8,2017/2/18 20:48,8,1
2017/2/19,2.1,8,1,7.2,8,2017/2/19 15:02,8,1,-3.9,8,2017/2/19 21:15,8,1
2017/2/20,4.1,8,1,11.2,8,2017/2/20 15:01,8,1,-5.1,8,2017/2/20 03:06,8,1
2017/2/21,1.9,8,1,4.7,8,2017/2/21 10:52,8,1,-1.3,8,2017/2/21 22:40,8,1
2017/2/22,3.3,8,1,8.7,8,2017/2/22 13:23,8,1,-4.3,8,2017/2/22 06:41,8,1
2017/2/23,7.2,8,1,16.8,8,2017/2/23 14:27,8,1,2.2,8,2017/2/23 05:40,8,1
2017/2/24,3.5,8,1,7.3,8,2017/2/24 13:05,8,1,-2.5,8,2017/2/25 0:00,8,1
2017/2/25,1.9,8,1,10.6,8,2017/2/25 13:34,8,1,-7.5,8,2017/2/25 06:10,8,1
2017/2/26,4.4,8,1,11.4,8,2017/2/26 15:11,8,1,-4.5,8,2017/2/26 06:12,8,1
2017/2/27,3.8,8,1,10.0,8,2017/2/27 13:20,8,1,-1.8,8,2017/2/27 04:09,8,1
2017/2/28,1.9,8,1,9.4,8,2017/2/28 15:46,8,1,-3.2,8,2017/2/28 23:40,8,1
2017/3/1,2.9,8,1,9.1,8,2017/3/1 14:04,8,1,-4.5,8,2017/3/1 00:37,8,1
2017/3/2,5.9,8,1,11.5,8,2017/3/2 12:04,8,1,3.0,8,2017/3/2 06:16,8,1
2017/3/3,5.1,8,1,11.0,8,2017/3/3 12:17,8,1,-0.7,8,2017/3/3 05:29,8,1
2017/3/4,5.1,8,1,13.4,8,2017/3/4 14:47,8,1,-4.0,8,2017/3/4 06:34,8,1
2017/3/5,6.5,8,1,14.8,8,2017/3/5 13:28,8,1,-2.8,8,2017/3/5 05:42,8,1
2017/3/6,6.6,8,1,10.6,8,2017/3/6 11:05,8,1,0.8,8,2017/3/6 05:40,8,1
2017/3/7,2.4,8,1,8.4,8,2017/3/7 10:59,8,1,-4.6,8,2017/3/7 23:59,8,1
2017/3/8,0.5,8,1,8.5,8,2017/3/8 14:11,8,1,-4.7,8,2017/3/8 03:32,8,1
2017/3/9,3.4,8,1,11.9,8,2017/3/9 14:01,8,1,-6.7,8,2017/3/9 04:55,8,1
2017/3/10,4.8,8,1,11.3,8,2017/3/10 12:00,8,1,-0.6,8,2017/3/10 06:34,8,1
2017/3/11,4.4,8,1,10.1,8,2017/3/11 13:27,8,1,-3.3,8,2017/3/11 05:26,8,1
2017/3/12,2.9,8,1,11.1,8,2017/3/12 14:16,8,1,-4.6,8,2017/3/12 06:15,8,1
2017/3/13,5.0,8,1,9.0,8,2017/3/13 15:32,8,1,-0.3,8,2017/3/13 00:05,8,1
2017/3/14,5.8,8,1,10.0,8,2017/3/14 12:21,8,1,3.5,8,2017/3/15 0:00,8,1
2017/3/15,2.8,8,1,4.4,8,2017/3/15 16:09,8,1,-0.2,8,2017/3/15 23:49,8,1
2017/3/16,4.8,8,1,11.9,8,2017/3/16 13:10,8,1,-3.2,8,2017/3/16 06:00,8,1
2017/3/17,5.7,8,1,11.7,8,2017/3/17 12:22,8,1,-2.2,8,2017/3/17 23:55,8,1
2017/3/18,7.4,8,1,14.4,8,2017/3/18 13:07,8,1,-2.7,8,2017/3/18 01:32,8,1
2017/3/19,8.2,8,1,14.9,8,2017/3/19 13:51,8,1,-1.0,8,2017/3/19 03:49,8,1
2017/3/20,9.5,8,1,16.1,8,2017/3/20 14:09,8,1,4.1,8,2017/3/20 23:38,8,1
2017/3/21,5.9,8,1,8.1,8,2017/3/21 12:37,8,1,3.6,8,2017/3/21 00:41,8,1
2017/3/22,6.2,8,1,10.7,8,2017/3/22 14:39,8,1,1.2,8,2017/3/22 06:06,8,1
2017/3/23,5.4,8,1,10.2,8,2017/3/23 11:31,8,1,0.2,8,2017/3/23 05:46,8,1
2017/3/24,4.4,8,1,9.1,8,2017/3/24 12:33,8,1,0.3,8,2017/3/24 23:43,8,1
2017/3/25,4.6,8,1,11.7,8,2017/3/25 15:39,8,1,-3.4,8,2017/3/25 05:28,8,1
2017/3/26,4.5,8,1,7.6,8,2017/3/26 14:26,8,1,1.2,8,2017/3/26 00:52,8,1
2017/3/27,2.8,8,1,5.1,8,2017/3/27 16:04,8,1,0.5,8,2017/3/27 23:31,8,1
2017/3/28,5.0,8,1,11.3,8,2017/3/28 13:49,8,1,-0.2,8,2017/3/28 03:19,8,1
2017/3/29,6.2,8,1,13.7,8,2017/3/29 13:37,8,1,-0.6,8,2017/3/29 05:10,8,1
2017/3/30,8.8,8,1,17.1,8,2017/3/30 15:21,8,1,-0.6,8,2017/3/30 05:26,8,1
2017/3/31,7.1,8,1,9.7,8,2017/3/31 00:03,8,1,3.6,8,2017/3/31 23:53,8,1
2017/4/1,5.4,8,1,7.8,8,2017/4/1 15:50,8,1,3.2,8,2017/4/1 05:47,8,1
2017/4/2,6.3,8,1,13.0,8,2017/4/2 13:09,8,1,-0.8,8,2017/4/2 05:54,8,1
2017/4/3,6.0,8,1,13.4,8,2017/4/3 13:42,8,1,-1.9,8,2017/4/3 05:40,8,1
2017/4/4,8.2,8,1,16.3,8,2017/4/4 14:54,8,1,0.1,8,2017/4/4 05:51,8,1
2017/4/5,10.8,8,1,20.1,8,2017/4/5 15:01,8,1,-0.3,8,2017/4/5 04:35,8,1
2017/4/6,13.0,8,1,20.2,8,2017/4/6 13:16,8,1,3.1,8,2017/4/6 05:44,8,1
2017/4/7,15.7,8,1,21.1,8,2017/4/7 15:54,8,1,12.6,8,2017/4/7 22:50,8,1
2017/4/8,13.4,8,1,16.1,8,2017/4/8 13:30,8,1,11.3,8,2017/4/8 08:07,8,1
2017/4/9,12.1,8,1,15.4,8,2017/4/9 15:32,8,1,5.9,8,2017/4/9 23:59,8,1
2017/4/10,8.6,8,1,16.4,8,2017/4/10 14:44,8,1,2.2,8,2017/4/11 0:00,8,1
2017/4/11,6.7,8,1,12.1,8,2017/4/11 23:01,8,1,0.4,8,2017/4/11 02:37,8,1
2017/4/12,11.4,8,1,15.5,8,2017/4/12 12:29,8,1,6.2,8,2017/4/12 23:59,8,1
2017/4/13,8.0,8,1,13.4,8,2017/4/13 14:49,8,1,1.2,8,2017/4/13 05:31,8,1
2017/4/14,10.5,8,1,20.8,8,2017/4/14 15:16,8,1,-0.9,8,2017/4/14 05:23,8,1
2017/4/15,13.5,8,1,23.1,8,2017/4/15 12:49,8,1,5.0,8,2017/4/15 05:22,8,1
2017/4/16,16.0,8,1,25.9,8,2017/4/16 13:37,8,1,4.2,8,2017/4/16 04:50,8,1
2017/4/17,15.9,8,1,22.7,8,2017/4/17 13:03,8,1,8.1,8,2017/4/17 03:17,8,1
2017/4/18,15.7,8,1,21.4,8,2017/4/18 14:45,8,1,9.6,8,2017/4/19 0:00,8,1
2017/4/19,11.7,8,1,19.3,8,2017/4/19 13:10,8,1,6.0,8,2017/4/19 04:45,8,1
2017/4/20,13.0,8,1,19.9,8,2017/4/20 14:36,8,1,9.6,8,2017/4/20 04:21,8,1
2017/4/21,13.8,8,1,18.5,8,2017/4/21 15:36,8,1,9.6,8,2017/4/21 05:31,8,1
2017/4/22,13.0,8,1,19.3,8,2017/4/22 11:13,8,1,8.9,8,2017/4/22 23:50,8,1
2017/4/23,11.3,8,1,17.3,8,2017/4/23 15:13,8,1,5.5,8,2017/4/23 05:03,8,1
2017/4/24,11.2,8,1,18.9,8,2017/4/24 15:11,8,1,4.2,8,2017/4/24 04:55,8,1
2017/4/25,14.0,8,1,20.3,8,2017/4/25 14:21,8,1,7.2,8,2017/4/25 05:13,8,1
2017/4/26,14.7,5,1,18.4,5,2017/4/26 16:36,5,1,11.6,5,2017/4/26 05:08,5,1
2017/4/27,13.1,8,1,17.6,8,2017/4/27 14:37,8,1,7.9,8,2017/4/27 22:36,8,1
2017/4/28,11.5,8,1,20.2,8,2017/4/28 13:05,8,1,5.1,8,2017/4/28 05:29,8,1
2017/4/29,11.5,8,1,20.1,8,2017/4/29 12:24,8,1,4.8,8,2017/4/29 05:05,8,1
2017/4/30,14.3,8,1,23.6,8,2017/4/30 15:38,8,1,4.5,8,2017/4/30 04:04,8,1
2017/5/1,13.1,8,1,20.2,8,2017/5/1 08:21,8,1,7.5,8,2017/5/1 23:45,8,1
2017/5/2,13.6,8,1,20.4,8,2017/5/2 15:06,8,1,5.4,8,2017/5/2 02:24,8,1
2017/5/3,14.6,8,1,22.7,8,2017/5/3 14:21,8,1,5.4,8,2017/5/3 04:40,8,1
2017/5/4,16.0,8,1,23.0,8,2017/5/4 15:06,8,1,9.1,8,2017/5/4 04:55,8,1
2017/5/5,18.1,8,1,25.6,8,2017/5/5 15:03,8,1,11.1,8,2017/5/5 02:57,8,1
2017/5/6,17.2,8,1,23.7,8,2017/5/6 14:47,8,1,12.4,8,2017/5/6 04:23,8,1
2017/5/7,16.9,8,1,25.4,8,2017/5/7 12:38,8,1,8.8,8,2017/5/7 23:21,8,1
2017/5/8,16.6,8,1,26.6,8,2017/5/8 13:47,8,1,6.2,8,2017/5/8 04:54,8,1
2017/5/9,15.9,8,1,20.0,8,2017/5/9 15:48,8,1,9.4,8,2017/5/9 04:17,8,1
2017/5/10,14.9,8,1,16.7,8,2017/5/10 13:07,8,1,12.7,8,2017/5/10 05:16,8,1
2017/5/11,18.0,8,1,23.4,8,2017/5/11 13:06,8,1,14.1,8,2017/5/11 04:48,8,1
2017/5/12,18.8,8,1,26.6,8,2017/5/12 14:26,8,1,13.5,8,2017/5/12 04:58,8,1
2017/5/13,15.5,8,1,17.2,8,2017/5/13 00:24,8,1,14.4,8,2017/5/13 17:23,8,1
2017/5/14,16.1,8,1,19.0,8,2017/5/14 13:44,8,1,13.9,8,2017/5/15 0:00,8,1
2017/5/15,15.3,8,1,18.0,8,2017/5/15 16:34,8,1,13.1,8,2017/5/15 04:25,8,1
2017/5/16,16.8,8,1,22.7,8,2017/5/16 12:27,8,1,13.1,8,2017/5/17 0:00,8,1
2017/5/17,14.1,8,1,15.9,8,2017/5/17 17:48,8,1,12.4,8,2017/5/17 08:09,8,1
2017/5/18,15.9,8,1,21.5,8,2017/5/18 15:31,8,1,13.2,8,2017/5/18 23:57,8,1
2017/5/19,18.4,8,1,25.9,8,2017/5/19 15:20,8,1,11.5,8,2017/5/19 05:49,8,1
2017/5/20,21.1,8,1,29.4,8,2017/5/20 14:54,8,1,12.1,8,2017/5/20 04:41,8,1
2017/5/21,23.4,8,1,31.6,8,2017/5/21 14:12,8,1,14.4,8,2017/5/21 04:26,8,1
2017/5/22,22.8,8,1,31.1,8,2017/5/22 13:11,8,1,16.0,8,2017/5/22 05:04,8,1
2017/5/23,21.1,8,1,27.7,8,2017/5/23 15:29,8,1,14.0,8,2017/5/23 04:23,8,1
2017/5/24,19.6,8,1,23.7,8,2017/5/24 13:43,8,1,16.1,8,2017/5/24 04:51,8,1
2017/5/25,18.1,8,1,19.9,8,2017/5/25 16:49,8,1,16.6,8,2017/5/25 23:58,8,1
2017/5/26,16.7,8,1,18.0,8,2017/5/26 16:23,8,1,16.0,8,2017/5/26 10:45,8,1
2017/5/27,15.7,8,1,17.4,8,2017/5/27 16:12,8,1,13.6,8,2017/5/27 06:40,8,1
2017/5/28,18.4,8,1,24.1,8,2017/5/28 14:06,8,1,14.4,8,2017/5/28 23:23,8,1
2017/5/29,19.8,8,1,27.3,8,2017/5/29 15:40,8,1,11.1,8,2017/5/29 04:27,8,1
2017/5/30,22.3,8,1,29.8,8,2017/5/30 15:26,8,1,14.1,8,2017/5/30 04:41,8,1
2017/5/31,23.0,8,1,29.4,8,2017/5/31 13:45,8,1,18.0,8,2017/5/31 04:56,8,1
2017/6/1,19.3,8,1,24.0,8,2017/6/1 13:56,8,1,17.3,8,2017/6/1 06:54,8,1
2017/6/2,18.2,8,1,23.4,8,2017/6/2 09:44,8,1,13.9,8,2017/6/2 22:22,8,1
2017/6/3,17.9,8,1,23.9,8,2017/6/3 13:31,8,1,13.4,8,2017/6/3 02:08,8,1
2017/6/4,17.4,8,1,21.8,8,2017/6/4 13:34,8,1,13.7,8,2017/6/4 03:24,8,1
2017/6/5,17.1,8,1,23.0,8,2017/6/5 13:39,8,1,10.3,8,2017/6/5 04:44,8,1
2017/6/6,17.0,8,1,23.7,8,2017/6/6 14:12,8,1,11.7,8,2017/6/6 02:49,8,1
2017/6/7,17.8,8,1,21.2,8,2017/6/7 15:07,8,1,14.9,8,2017/6/7 01:52,8,1
2017/6/8,19.6,8,1,24.9,8,2017/6/8 12:56,8,1,16.1,8,2017/6/8 05:42,8,1
2017/6/9,20.5,8,1,27.0,8,2017/6/9 12:42,8,1,14.8,8,2017/6/9 02:28,8,1
2017/6/10,19.2,8,1,26.4,8,2017/6/10 12:39,8,1,14.1,8,2017/6/10 05:37,8,1
2017/6/11,18.3,8,1,25.9,8,2017/6/11 14:40,8,1,9.9,8,2017/6/11 04:50,8,1
2017/6/12,17.5,8,1,22.6,8,2017/6/12 15:46,8,1,13.0,8,2017/6/12 23:23,8,1
2017/6/13,14.6,8,1,16.8,8,2017/6/13 13:35,8,1,12.8,8,2017/6/13 23:42,8,1
2017/6/14,17.8,8,1,25.1,8,2017/6/14 14:48,8,1,11.9,8,2017/6/14 02:26,8,1
2017/6/15,19.2,8,1,25.2,8,2017/6/15 13:17,8,1,15.6,8,2017/6/15 05:16,8,1
2017/6/16,19.4,8,1,25.9,8,2017/6/16 11:59,8,1,15.9,8,2017/6/16 23:54,8,1
2017/6/17,19.2,8,1,26.8,8,2017/6/17 14:29,8,1,12.1,8,2017/6/17 04:29,8,1
2017/6/18,18.6,8,1,22.4,8,2017/6/18 15:43,8,1,14.4,8,2017/6/18 03:45,8,1
2017/6/19,20.0,8,1,27.5,8,2017/6/19 15:24,8,1,15.2,8,2017/6/19 23:47,8,1
2017/6/20,20.3,8,1,28.6,8,2017/6/20 15:17,8,1,13.4,8,2017/6/20 04:38,8,1
2017/6/21,19.5,8,1,20.2,8,2017/6/21 11:59,8,1,18.5,8,2017/6/21 11:01,8,1
2017/6/22,22.0,8,1,26.4,8,2017/6/22 14:49,8,1,17.3,8,2017/6/23 0:00,8,1
2017/6/23,22.1,8,1,29.6,8,2017/6/23 13:47,8,1,14.8,8,2017/6/23 04:44,8,1
2017/6/24,22.9,8,1,29.0,8,2017/6/24 15:17,8,1,18.9,8,2017/6/24 02:19,8,1
2017/6/25,22.2,8,1,25.2,8,2017/6/25 14:38,8,1,19.9,8,2017/6/26 0:00,8,1
2017/6/26,22.1,8,1,27.3,8,2017/6/26 13:32,8,1,18.2,8,2017/6/26 04:29,8,1
2017/6/27,21.5,8,1,25.1,8,2017/6/27 15:09,8,1,19.0,8,2017/6/27 05:03,8,1
2017/6/28,21.9,8,1,26.4,8,2017/6/28 15:46,8,1,19.2,8,2017/6/28 05:08,8,1
2017/6/29,23.7,8,1,29.1,8,2017/6/29 15:52,8,1,20.1,8,2017/6/29 04:20,8,1
2017/6/30,23.2,8,1,26.0,8,2017/6/30 16:39,8,1,21.1,8,2017/6/30 05:35,8,1
2017/7/1,21.5,8,1,22.8,8,2017/7/1 11:03,8,1,20.2,8,2017/7/1 23:59,8,1
2017/7/2,24.5,8,1,30.0,8,2017/7/2 12:45,8,1,19.8,8,2017/7/2 04:53,8,1
2017/7/3,25.2,8,1,29.8,8,2017/7/3 16:29,8,1,21.5,8,2017/7/3 06:26,8,1
2017/7/4,23.3,8,1,25.1,8,2017/7/4 00:03,8,1,22.0,8,2017/7/5 0:00,8,1
2017/7/5,24.6,8,1,31.1,8,2017/7/5 14:30,8,1,20.3,8,2017/7/5 03:28,8,1
2017/7/6,23.7,8,1,30.1,8,2017/7/6 13:54,8,1,19.1,8,2017/7/6 03:52,8,1
2017/7/7,25.3,8,1,31.8,8,2017/7/7 16:17,8,1,19.3,8,2017/7/7 04:29,8,1
2017/7/8,26.6,8,1,33.5,8,2017/7/8 13:56,8,1,20.8,8,2017/7/8 05:13,8,1
2017/7/9,26.8,8,1,33.8,8,2017/7/9 13:52,8,1,21.1,8,2017/7/9 04:41,8,1
2017/7/10,26.5,8,1,33.6,8,2017/7/10 14:25,8,1,19.8,8,2017/7/10 04:56,8,1
2017/7/11,26.2,8,1,32.7,8,2017/7/11 14:09,8,1,21.3,8,2017/7/11 02:03,8,1
2017/7/12,26.1,8,1,32.6,8,2017/7/12 12:55,8,1,23.5,8,2017/7/12 04:27,8,1
2017/7/13,25.4,8,1,31.3,8,2017/7/13 13:08,8,1,23.4,8,2017/7/13 05:13,8,1
2017/7/14,26.6,8,1,32.1,8,2017/7/14 14:13,8,1,22.6,8,2017/7/15 0:00,8,1
2017/7/15,26.4,8,1,33.3,8,2017/7/15 13:41,8,1,20.3,8,2017/7/15 04:18,8,1
2017/7/16,26.4,8,1,31.8,8,2017/7/16 11:56,8,1,22.9,8,2017/7/16 04:58,8,1
2017/7/17,26.6,8,1,33.6,8,2017/7/17 15:23,8,1,22.0,8,2017/7/17 23:52,8,1
2017/7/18,22.0,8,1,25.0,8,2017/7/18 16:37,8,1,19.4,8,2017/7/18 23:59,8,1
2017/7/19,23.6,8,1,30.5,8,2017/7/19 13:31,8,1,17.6,8,2017/7/19 04:13,8,1
2017/7/20,25.7,8,1,31.8,8,2017/7/20 16:16,8,1,21.3,8,2017/7/20 03:23,8,1
2017/7/21,27.4,8,1,33.2,8,2017/7/21 15:08,8,1,23.5,8,2017/7/21 05:14,8,1
2017/7/22,26.2,8,1,32.4,8,2017/7/22 13:22,8,1,23.7,8,2017/7/22 23:21,8,1
2017/7/23,24.9,8,1,27.2,8,2017/7/23 14:29,8,1,23.8,8,2017/7/23 06:45,8,1
2017/7/24,25.2,8,1,27.5,8,2017/7/24 15:04,8,1,23.7,8,2017/7/24 06:04,8,1
2017/7/25,25.7,8,1,29.0,8,2017/7/25 15:18,8,1,23.3,8,2017/7/26 0:00,8,1
2017/7/26,24.7,8,1,28.7,8,2017/7/26 11:27,8,1,21.9,8,2017/7/26 23:29,8,1
2017/7/27,23.1,8,1,25.7,8,2017/7/27 14:35,8,1,20.4,8,2017/7/27 05:25,8,1
2017/7/28,25.5,8,1,32.0,8,2017/7/28 14:43,8,1,22.4,8,2017/7/28 04:30,8,1
2017/7/29,23.5,8,1,26.6,8,2017/7/29 14:08,8,1,21.9,8,2017/7/29 22:43,8,1
2017/7/30,23.8,8,1,28.1,8,2017/7/30 11:37,8,1,21.3,8,2017/7/30 06:24,8,1
2017/7/31,25.8,8,1,31.5,8,2017/7/31 15:23,8,1,22.3,8,2017/7/31 05:56,8,1
2017/8/1,24.1,8,1,28.1,8,2017/8/1 12:35,8,1,21.3,8,2017/8/2 0:00,8,1
2017/8/2,21.9,8,1,25.7,8,2017/8/2 15:05,8,1,19.5,8,2017/8/3 0:00,8,1
2017/8/3,21.9,8,1,26.3,8,2017/8/3 13:17,8,1,18.7,8,2017/8/3 05:27,8,1
2017/8/4,23.6,8,1,27.4,8,2017/8/4 12:07,8,1,21.1,8,2017/8/4 05:42,8,1
2017/8/5,26.1,8,1,31.7,8,2017/8/5 14:02,8,1,22.6,8,2017/8/5 04:47,8,1
2017/8/6,26.3,8,1,30.6,8,2017/8/6 15:42,8,1,24.0,8,2017/8/6 05:18,8,1
2017/8/7,27.3,8,1,33.0,8,2017/8/7 12:25,8,1,23.2,8,2017/8/7 23:45,8,1
2017/8/8,25.2,8,1,27.6,8,2017/8/8 11:51,8,1,23.4,8,2017/8/8 00:10,8,1
2017/8/9,27.6,8,1,34.4,8,2017/8/9 14:12,8,1,23.5,8,2017/8/9 23:02,8,1
2017/8/10,24.1,8,1,28.3,8,2017/8/10 12:45,8,1,21.0,8,2017/8/10 23:59,8,1
2017/8/11,21.8,8,1,23.7,8,2017/8/11 12:21,8,1,20.3,8,2017/8/11 07:17,8,1
2017/8/12,23.5,8,1,28.8,8,2017/8/12 15:13,8,1,20.1,8,2017/8/12 06:20,8,1
2017/8/13,24.8,8,1,31.3,8,2017/8/13 11:35,8,1,21.0,8,2017/8/13 04:43,8,1
2017/8/14,22.7,8,1,24.9,8,2017/8/14 14:57,8,1,21.5,8,2017/8/15 0:00,8,1
2017/8/15,21.6,8,1,22.6,8,2017/8/15 11:13,8,1,20.9,8,2017/8/15 06:00,8,1
2017/8/16,21.2,8,1,23.8,8,2017/8/16 13:32,8,1,19.6,8,2017/8/16 06:48,8,1
2017/8/17,23.3,8,1,27.5,8,2017/8/17 13:47,8,1,20.2,8,2017/8/17 01:17,8,1
2017/8/18,23.3,8,1,24.6,8,2017/8/18 16:37,8,1,22.1,8,2017/8/18 05:43,8,1
2017/8/19,23.0,8,1,29.4,8,2017/8/19 12:17,8,1,20.6,8,2017/8/19 14:11,8,1
2017/8/20,23.5,8,1,27.0,8,2017/8/20 15:40,8,1,21.0,8,2017/8/20 00:36,8,1
2017/8/21,24.2,8,1,27.6,8,2017/8/21 15:37,8,1,21.7,8,2017/8/21 05:08,8,1
2017/8/22,25.1,8,1,29.8,8,2017/8/22 14:31,8,1,22.5,8,2017/8/23 0:00,8,1
2017/8/23,25.9,8,1,32.5,8,2017/8/23 12:31,8,1,21.3,8,2017/8/23 03:33,8,1
2017/8/24,27.4,8,1,33.9,8,2017/8/24 15:36,8,1,22.1,8,2017/8/24 05:17,8,1
2017/8/25,25.4,8,1,29.0,8,2017/8/25 14:28,8,1,22.1,8,2017/8/25 05:00,8,1
2017/8/26,25.1,8,1,31.7,8,2017/8/26 15:07,8,1,19.8,8,2017/8/26 22:47,8,1
2017/8/27,22.3,8,1,28.0,8,2017/8/27 13:57,8,1,17.1,8,2017/8/27 23:50,8,1
2017/8/28,22.3,8,1,28.7,8,2017/8/28 16:00,8,1,16.1,8,2017/8/28 02:14,8,1
2017/8/29,25.6,8,1,30.8,8,2017/8/29 14:39,8,1,22.0,8,2017/8/29 02:02,8,1
2017/8/30,23.0,8,1,25.4,8,2017/8/30 07:39,8,1,20.3,8,2017/8/30 23:24,8,1
2017/8/31,20.3,8,1,24.4,8,2017/8/31 09:54,8,1,17.8,8,2017/8/31 23:30,8,1
2017/9/1,21.0,8,1,26.2,8,2017/9/1 14:31,8,1,16.8,8,2017/9/2 0:00,8,1
2017/9/2,18.0,8,1,22.9,8,2017/9/2 14:52,8,1,15.4,8,2017/9/2 05:04,8,1
2017/9/3,20.1,8,1,27.7,8,2017/9/3 13:55,8,1,11.7,8,2017/9/3 05:09,8,1
2017/9/4,18.6,8,1,24.1,8,2017/9/4 12:24,8,1,13.4,8,2017/9/4 05:42,8,1
2017/9/5,20.8,8,1,28.7,8,2017/9/5 13:07,8,1,14.4,8,2017/9/5 05:23,8,1
2017/9/6,20.2,8,1,21.7,8,2017/9/6 15:24,8,1,19.0,8,2017/9/6 08:49,8,1
2017/9/7,21.0,8,1,22.7,8,2017/9/7 14:12,8,1,19.3,8,2017/9/7 01:37,8,1
2017/9/8,22.8,8,1,28.9,8,2017/9/8 14:02,8,1,16.9,8,2017/9/8 23:56,8,1
2017/9/9,21.1,8,1,29.3,8,2017/9/9 15:15,8,1,15.4,8,2017/9/9 05:32,8,1
2017/9/10,22.4,8,1,30.0,8,2017/9/10 14:08,8,1,15.5,8,2017/9/10 04:49,8,1
2017/9/11,21.9,8,1,28.7,8,2017/9/11 12:25,8,1,18.6,8,2017/9/11 05:00,8,1
2017/9/12,22.8,8,1,26.7,8,2017/9/12 15:31,8,1,20.0,8,2017/9/12 22:22,8,1
2017/9/13,22.4,8,1,30.0,8,2017/9/13 12:25,8,1,16.9,8,2017/9/13 05:33,8,1
2017/9/14,21.9,8,1,28.7,8,2017/9/14 13:02,8,1,15.6,8,2017/9/14 05:38,8,1
2017/9/15,20.8,8,1,26.0,8,2017/9/15 12:34,8,1,15.1,8,2017/9/16 0:00,8,1
2017/9/16,17.1,8,1,21.2,8,2017/9/16 12:47,8,1,12.9,8,2017/9/16 02:25,8,1
2017/9/17,17.6,8,1,19.7,8,2017/9/17 23:57,8,1,16.3,8,2017/9/17 01:22,8,1
2017/9/18,24.0,8,1,31.3,8,2017/9/18 11:16,8,1,16.4,8,2017/9/18 23:30,8,1
2017/9/19,21.3,8,1,28.1,8,2017/9/19 14:02,8,1,14.8,8,2017/9/19 04:12,8,1
2017/9/20,20.4,8,1,25.5,8,2017/9/20 11:31,8,1,16.6,8,2017/9/20 23:20,8,1
2017/9/21,21.4,8,1,27.3,8,2017/9/21 12:34,8,1,15.0,8,2017/9/21 23:36,8,1
2017/9/22,18.5,8,1,23.8,8,2017/9/22 12:20,8,1,13.4,8,2017/9/22 03:07,8,1
2017/9/23,19.3,8,1,23.6,8,2017/9/23 13:36,8,1,16.5,8,2017/9/23 23:33,8,1
2017/9/24,19.5,8,1,27.2,8,2017/9/24 14:23,8,1,13.9,8,2017/9/24 05:16,8,1
2017/9/25,20.3,8,1,28.3,8,2017/9/25 13:34,8,1,13.6,8,2017/9/25 05:44,8,1
2017/9/26,20.5,8,1,27.5,8,2017/9/26 14:03,8,1,12.6,8,2017/9/26 05:23,8,1
2017/9/27,20.5,8,1,26.0,8,2017/9/27 12:18,8,1,16.4,8,2017/9/27 01:47,8,1
2017/9/28,17.8,8,1,24.2,8,2017/9/28 13:13,8,1,11.3,8,2017/9/28 23:56,8,1
2017/9/29,15.9,8,1,23.5,8,2017/9/29 15:03,8,1,9.2,8,2017/9/29 03:56,8,1
2017/9/30,16.6,8,1,23.5,8,2017/9/30 14:28,8,1,9.9,8,2017/9/30 23:46,8,1
2017/10/1,17.0,8,1,24.5,8,2017/10/1 13:39,8,1,7.6,8,2017/10/1 05:30,8,1
2017/10/2,19.1,8,1,24.4,8,2017/10/2 12:39,8,1,16.2,8,2017/10/2 05:45,8,1
2017/10/3,20.4,8,1,28.0,8,2017/10/3 14:19,8,1,17.0,8,2017/10/4 0:00,8,1
2017/10/4,15.7,8,1,20.2,8,2017/10/4 12:24,8,1,9.7,8,2017/10/4 22:10,8,1
2017/10/5,12.4,8,1,18.9,8,2017/10/5 14:37,8,1,6.1,8,2017/10/5 05:58,8,1
2017/10/6,13.4,8,1,17.7,8,2017/10/6 14:16,8,1,8.5,8,2017/10/6 01:47,8,1
2017/10/7,18.0,8,1,23.3,8,2017/10/7 15:17,8,1,13.9,8,2017/10/7 01:33,8,1
2017/10/8,19.2,8,1,26.6,8,2017/10/8 12:25,8,1,12.7,8,2017/10/8 05:52,8,1
2017/10/9,19.7,8,1,24.7,8,2017/10/9 14:46,8,1,17.2,8,2017/10/9 05:32,8,1
2017/10/10,20.8,8,1,26.9,8,2017/10/10 12:36,8,1,15.8,8,2017/10/10 05:50,8,1
2017/10/11,19.5,8,1,23.2,8,2017/10/11 11:44,8,1,16.5,8,2017/10/11 03:28,8,1
2017/10/12,19.0,8,1,26.9,8,2017/10/12 11:54,8,1,14.0,8,2017/10/13 0:00,8,1
2017/10/13,13.6,8,1,14.7,8,2017/10/13 13:54,8,1,12.4,8,2017/10/13 06:07,8,1
2017/10/14,13.4,8,1,15.3,8,2017/10/14 14:50,8,1,11.0,8,2017/10/14 22:39,8,1
2017/10/15,13.2,8,1,15.4,8,2017/10/15 10:41,8,1,11.1,8,2017/10/15 02:23,8,1
2017/10/16,10.3,8,1,12.0,8,2017/10/16 00:33,8,1,9.4,8,2017/10/16 12:48,8,1
2017/10/17,11.9,8,1,17.0,8,2017/10/17 14:25,8,1,8.0,8,2017/10/17 22:45,8,1
2017/10/18,12.2,8,1,18.2,8,2017/10/18 12:35,8,1,6.3,8,2017/10/18 04:39,8,1
2017/10/19,9.8,8,1,10.7,8,2017/10/19 14:34,8,1,8.7,8,2017/10/19 06:38,8,1
2017/10/20,13.3,8,1,16.5,8,2017/10/20 12:59,8,1,10.2,8,2017/10/20 01:46,8,1
2017/10/21,15.8,8,1,17.4,8,2017/10/21 13:28,8,1,14.2,8,2017/10/21 00:20,8,1
2017/10/22,16.5,8,1,17.6,8,2017/10/22 14:14,8,1,15.4,8,2017/10/22 23:59,8,1
2017/10/23,14.9,8,1,18.8,8,2017/10/23 11:01,8,1,9.8,8,2017/10/23 23:37,8,1
2017/10/24,11.7,8,1,15.1,8,2017/10/24 12:24,8,1,8.6,8,2017/10/24 05:29,8,1
2017/10/25,10.8,8,1,16.3,8,2017/10/25 12:32,8,1,5.8,8,2017/10/25 05:21,8,1
2017/10/26,12.4,8,1,20.0,8,2017/10/26 13:58,8,1,6.0,8,2017/10/26 06:34,8,1
2017/10/27,11.2,8,1,19.7,8,2017/10/27 13:40,8,1,3.8,8,2017/10/27 05:56,8,1
2017/10/28,12.0,8,1,14.3,8,2017/10/28 13:56,8,1,8.5,8,2017/10/28 06:09,8,1
2017/10/29,13.5,8,1,15.6,8,2017/10/29 22:47,8,1,12.2,8,2017/10/29 00:29,8,1
2017/10/30,11.9,8,1,17.4,8,2017/10/30 02:56,8,1,7.3,8,2017/10/30 21:34,8,1
2017/10/31,10.8,8,1,17.2,8,2017/10/31 13:17,8,1,3.3,8,2017/10/31 22:44,8,1
2017/11/1,8.7,8,1,15.6,8,2017/11/1 11:49,8,1,1.4,8,2017/11/1 06:05,8,1
2017/11/2,12.0,8,1,20.1,8,2017/11/2 13:58,8,1,5.8,8,2017/11/2 05:31,8,1
2017/11/3,14.5,8,1,22.0,8,2017/11/3 14:21,8,1,7.6,8,2017/11/3 01:52,8,1
2017/11/4,11.9,8,1,19.5,8,2017/11/4 10:44,8,1,7.7,8,2017/11/4 20:00,8,1
2017/11/5,9.1,8,1,15.4,8,2017/11/5 12:37,8,1,1.7,8,2017/11/5 22:55,8,1
2017/11/6,8.4,8,1,18.4,8,2017/11/6 13:19,8,1,-0.2,8,2017/11/6 04:35,8,1
2017/11/7,10.8,8,1,20.7,8,2017/11/7 13:53,8,1,2.1,8,2017/11/7 06:35,8,1
2017/11/8,12.0,8,1,16.7,8,2017/11/8 14:08,8,1,8.2,8,2017/11/8 23:29,8,1
2017/11/9,12.5,8,1,16.1,8,2017/11/9 13:11,8,1,7.9,8,2017/11/9 00:10,8,1
2017/11/10,8.4,8,1,15.4,8,2017/11/10 12:09,8,1,-0.7,8,2017/11/10 06:13,8,1
2017/11/11,10.0,8,1,17.4,8,2017/11/11 11:31,8,1,3.6,8,2017/11/11 04:32,8,1
2017/11/12,8.6,8,1,14.0,8,2017/11/12 12:35,8,1,0.3,8,2017/11/12 23:45,8,1
2017/11/13,7.7,8,1,14.8,8,2017/11/13 14:07,8,1,-1.6,8,2017/11/13 05:47,8,1
2017/11/14,11.2,8,1,15.4,8,2017/11/14 12:38,8,1,8.2,8,2017/11/14 21:15,8,1
2017/11/15,9.7,8,1,16.2,8,2017/11/15 13:14,8,1,4.8,8,2017/11/15 05:44,8,1
2017/11/16,5.9,8,1,12.1,8,2017/11/16 11:45,8,1,-0.6,8,2017/11/16 23:59,8,1
2017/11/17,4.5,8,1,12.1,8,2017/11/17 12:47,8,1,-2.4,8,2017/11/17 06:13,8,1
2017/11/18,6.2,8,1,9.8,8,2017/11/18 18:41,8,1,2.1,8,2017/11/18 00:45,8,1
2017/11/19,5.1,8,1,8.2,8,2017/11/19 12:59,8,1,0.8,8,2017/11/20 0:00,8,1
2017/11/20,3.1,8,1,7.4,8,2017/11/20 15:10,8,1,-1.2,8,2017/11/20 23:19,8,1
2017/11/21,3.6,8,1,8.3,8,2017/11/21 13:19,8,1,-3.3,8,2017/11/22 0:00,8,1
2017/11/22,3.5,8,1,10.2,8,2017/11/22 12:40,8,1,-4.8,8,2017/11/22 03:21,8,1
2017/11/23,8.6,8,1,14.4,8,2017/11/23 14:02,8,1,4.3,8,2017/11/23 23:58,8,1
2017/11/24,3.4,8,1,11.9,8,2017/11/24 12:07,8,1,-2.3,8,2017/11/24 23:54,8,1
2017/11/25,3.0,8,1,12.1,8,2017/11/25 12:45,8,1,-4.3,8,2017/11/25 05:11,8,1
2017/11/26,5.8,8,1,13.4,8,2017/11/26 13:42,8,1,-1.7,8,2017/11/26 06:24,8,1
2017/11/27,8.1,8,1,11.7,8,2017/11/27 13:32,8,1,4.5,8,2017/11/27 06:08,8,1
2017/11/28,8.9,8,1,15.3,8,2017/11/28 13:25,8,1,3.5,8,2017/11/28 23:56,8,1
2017/11/29,9.4,8,1,16.8,8,2017/11/29 11:54,8,1,0.7,8,2017/11/29 07:03,8,1
2017/11/30,6.9,8,1,11.0,8,2017/11/30 00:14,8,1,4.6,8,2017/11/30 21:37,8,1
2017/12/1,5.0,8,1,7.9,8,2017/12/1 11:49,8,1,2.3,8,2017/12/2 0:00,8,1
2017/12/2,3.7,8,1,9.6,8,2017/12/2 13:43,8,1,-0.1,8,2017/12/2 23:33,8,1
2017/12/3,3.9,8,1,12.4,8,2017/12/3 12:59,8,1,-2.0,8,2017/12/3 03:59,8,1
2017/12/4,5.7,8,1,13.3,8,2017/12/4 12:00,8,1,-2.9,8,2017/12/4 05:33,8,1
2017/12/5,4.9,8,1,12.9,8,2017/12/5 13:24,8,1,-0.2,8,2017/12/5 06:42,8,1
2017/12/6,3.2,8,1,8.2,8,2017/12/6 12:54,8,1,-1.0,8,2017/12/7 0:00,8,1
2017/12/7,2.3,8,1,10.4,8,2017/12/7 13:13,8,1,-3.8,8,2017/12/7 05:11,8,1
2017/12/8,2.3,8,1,8.8,8,2017/12/8 13:28,8,1,-3.5,8,2017/12/8 06:35,8,1
2017/12/9,2.5,8,1,7.9,8,2017/12/9 12:31,8,1,-3.0,8,2017/12/9 23:34,8,1
2017/12/10,2.0,8,1,10.9,8,2017/12/10 13:02,8,1,-4.3,8,2017/12/10 05:43,8,1
2017/12/11,4.3,8,1,14.0,8,2017/12/11 12:56,8,1,-3.8,8,2017/12/11 06:45,8,1
2017/12/12,1.8,8,1,7.4,8,2017/12/12 12:13,8,1,-3.3,8,2017/12/12 07:00,8,1
2017/12/13,-0.1,8,1,6.0,8,2017/12/13 12:19,8,1,-5.1,8,2017/12/13 02:57,8,1
2017/12/14,2.0,8,1,7.5,8,2017/12/14 12:57,8,1,-3.0,8,2017/12/14 23:53,8,1
2017/12/15,1.6,8,1,8.8,8,2017/12/15 13:20,8,1,-4.0,8,2017/12/15 04:57,8,1
2017/12/16,3.0,8,1,11.1,8,2017/12/16 13:59,8,1,-3.3,8,2017/12/16 07:16,8,1
2017/12/17,2.5,8,1,6.3,8,2017/12/17 01:51,8,1,-2.4,8,2017/12/17 23:58,8,1
2017/12/18,-0.2,8,1,7.9,8,2017/12/18 13:47,8,1,-6.8,8,2017/12/18 05:55,8,1
2017/12/19,0.9,8,1,9.2,8,2017/12/19 12:40,8,1,-6.8,8,2017/12/19 06:43,8,1
2017/12/20,1.4,8,1,8.0,8,2017/12/20 13:57,8,1,-4.0,8,2017/12/20 07:14,8,1
2017/12/21,1.1,8,1,9.2,8,2017/12/21 13:54,8,1,-6.4,8,2017/12/21 06:43,8,1
2017/12/22,0.8,8,1,10.1,8,2017/12/22 13:50,8,1,-5.9,8,2017/12/22 05:58,8,1
2017/12/23,3.1,8,1,12.6,8,2017/12/23 11:39,8,1,-5.2,8,2017/12/23 07:04,8,1
2017/12/24,2.7,8,1,8.6,8,2017/12/24 15:08,8,1,-4.0,8,2017/12/24 05:37,8,1
2017/12/25,6.4,8,1,11.1,8,2017/12/25 07:40,8,1,2.8,8,2017/12/26 0:00,8,1
2017/12/26,3.2,8,1,10.7,8,2017/12/26 12:45,8,1,-2.7,8,2017/12/26 06:35,8,1
2017/12/27,-1.3,8,1,0.8,8,2017/12/27 13:35,8,1,-2.9,8,2017/12/27 23:59,8,1
2017/12/28,-0.1,8,1,3.9,8,2017/12/28 13:14,8,1,-6.3,8,2017/12/28 06:48,8,1
2017/12/29,2.9,8,1,6.3,8,2017/12/29 11:52,8,1,-0.6,8,2017/12/29 18:36,8,1
2017/12/30,3.6,8,1,8.2,8,2017/12/30 12:07,8,1,-1.0,8,2017/12/30 01:41,8,1
2017/12/31,0.8,8,1,4.7,8,2017/12/31 13:25,8,1,-3.0,8,2017/12/31 02:16,8,1
2018/1/1,2.9,8,1,9.2,8,2018/1/1 11:03,8,1,-3.9,8,2018/1/1 06:42,8,1
2018/1/2,3.2,8,1,6.8,8,2018/1/2 13:13,8,1,-1.6,8,2018/1/2 18:50,8,1
2018/1/3,0.7,8,1,3.7,8,2018/1/3 15:14,8,1,-2.6,8,2018/1/4 0:00,8,1
2018/1/4,1.1,8,1,5.2,8,2018/1/4 14:00,8,1,-3.2,8,2018/1/4 00:16,8,1
2018/1/5,-0.3,8,1,5.2,8,2018/1/5 13:39,8,1,-6.1,8,2018/1/5 07:18,8,1
2018/1/6,1.5,8,1,8.0,8,2018/1/6 14:14,8,1,-4.9,8,2018/1/6 02:48,8,1
2018/1/7,3.4,8,1,8.1,8,2018/1/7 13:18,8,1,-2.1,8,2018/1/7 22:36,8,1
2018/1/8,3.1,8,1,8.8,8,2018/1/8 13:14,8,1,-2.5,8,2018/1/8 01:03,8,1
2018/1/9,5.5,8,1,12.5,8,2018/1/9 12:30,8,1,1.9,8,2018/1/10 0:00,8,1
2018/1/10,2.3,8,1,10.4,8,2018/1/10 12:59,8,1,-4.8,8,2018/1/10 05:21,8,1
2018/1/11,0.5,8,1,8.3,8,2018/1/11 12:31,8,1,-5.6,8,2018/1/11 07:08,8,1
2018/1/12,-1.3,8,1,3.7,8,2018/1/12 12:35,8,1,-6.4,8,2018/1/12 02:35,8,1
2018/1/13,-0.7,8,1,6.3,8,2018/1/13 14:02,8,1,-7.9,8,2018/1/13 06:10,8,1
2018/1/14,0.1,8,1,6.1,8,2018/1/14 13:48,8,1,-6.5,8,2018/1/14 23:22,8,1
2018/1/15,-1.6,8,1,7.0,8,2018/1/15 14:15,8,1,-9.2,8,2018/1/15 06:15,8,1
2018/1/16,3.5,8,1,11.4,8,2018/1/16 15:28,8,1,-4.6,8,2018/1/16 06:58,8,1
2018/1/17,4.4,8,1,9.3,8,2018/1/17 11:12,8,1,-0.2,8,2018/1/17 02:09,8,1
2018/1/18,6.7,8,1,12.2,8,2018/1/18 13:54,8,1,1.3,8,2018/1/18 06:55,8,1
2018/1/19,5.0,8,1,9.2,8,2018/1/19 13:10,8,1,0.0,8,2018/1/20 0:00,8,1
2018/1/20,2.5,8,1,9.2,8,2018/1/20 14:18,8,1,-2.0,8,2018/1/20 23:57,8,1
2018/1/21,2.4,8,1,10.0,8,2018/1/21 13:52,8,1,-4.4,8,2018/1/21 07:01,8,1
2018/1/22,-0.9,8,1,1.4,8,2018/1/22 00:01,8,1,-2.9,8,2018/1/22 19:21,8,1
2018/1/23,-0.9,8,1,3.8,8,2018/1/23 13:49,8,1,-8.1,8,2018/1/23 07:07,8,1
2018/1/24,-4.7,8,1,2.7,8,2018/1/24 13:08,8,1,-11.4,8,2018/1/24 07:02,8,1
2018/1/25,-4.6,8,1,-1.3,8,2018/1/25 15:41,8,1,-8.7,8,2018/1/25 21:19,8,1
2018/1/26,-3.3,8,1,-0.2,8,2018/1/26 11:19,8,1,-9.0,8,2018/1/26 01:43,8,1
2018/1/27,-1.9,8,1,2.1,8,2018/1/27 12:43,8,1,-10.6,8,2018/1/27 04:58,8,1
2018/1/28,-1.1,8,1,2.4,8,2018/1/28 14:19,8,1,-6.6,8,2018/1/28 22:52,8,1
2018/1/29,-0.2,8,1,7.6,8,2018/1/29 14:52,8,1,-8.5,8,2018/1/29 05:02,8,1
2018/1/30,-2.8,8,1,1.7,8,2018/1/30 14:38,8,1,-7.9,8,2018/1/30 23:42,8,1
2018/1/31,-2.4,8,1,6.6,8,2018/1/31 13:35,8,1,-11.2,8,2018/1/31 06:39,8,1
2018/2/1,1.1,8,1,5.1,8,2018/2/1 13:49,8,1,-2.7,8,2018/2/1 06:02,8,1
2018/2/2,0.3,8,1,3.3,8,2018/2/2 15:09,8,1,-1.8,8,2018/2/2 07:05,8,1
2018/2/3,2.4,8,1,6.9,8,2018/2/3 15:42,8,1,-1.6,8,2018/2/3 06:17,8,1
2018/2/4,2.0,8,1,8.9,8,2018/2/4 13:18,8,1,-2.7,8,2018/2/4 22:28,8,1
2018/2/5,0.6,8,1,5.9,8,2018/2/5 11:57,8,1,-4.0,8,2018/2/6 0:00,8,1
2018/2/6,-1.8,8,1,4.9,8,2018/2/6 12:07,8,1,-8.9,8,2018/2/6 07:00,8,1
2018/2/7,-1.3,8,1,7.4,8,2018/2/7 13:31,8,1,-8.2,8,2018/2/7 06:32,8,1
2018/2/8,-0.4,8,1,7.5,8,2018/2/8 13:54,8,1,-8.1,8,2018/2/8 06:35,8,1
2018/2/9,0.3,8,1,7.7,8,2018/2/9 13:48,8,1,-6.8,8,2018/2/9 06:54,8,1
2018/2/10,2.1,8,1,10.3,8,2018/2/10 14:29,8,1,-4.5,8,2018/2/10 06:45,8,1
