2016/4/1,9.3,8,1,17.7,8,2016/4/1 12:33,8,1,1.9,8,2016/4/1 05:16,8,1
2016/4/2,7.7,8,1,11.2,8,2016/4/2 16:07,8,1,3.5,8,2016/4/2 05:16,8,1
2016/4/3,11.9,8,1,16.4,8,2016/4/3 14:59,8,1,6.9,8,2016/4/3 03:38,8,1
2016/4/4,11.7,8,1,15.2,8,2016/4/4 12:36,8,1,8.2,8,2016/4/4 23:32,8,1
2016/4/5,7.1,8,1,9.9,8,2016/4/5 15:52,8,1,1.9,8,2016/4/5 23:34,8,1
2016/4/6,10.2,8,1,19.4,8,2016/4/6 13:10,8,1,0.6,8,2016/4/6 03:23,8,1
2016/4/7,9.5,8,1,11.7,8,2016/4/7 22:39,8,1,4.6,8,2016/4/7 00:12,8,1
2016/4/8,12.7,8,1,19.0,8,2016/4/8 12:19,8,1,4.0,8,2016/4/8 23:58,8,1
2016/4/9,10.9,8,1,20.4,8,2016/4/9 14:40,8,1,1.4,8,2016/4/9 04:58,8,1
2016/4/10,12.5,8,1,19.4,8,2016/4/10 13:56,8,1,4.0,8,2016/4/10 05:13,8,1
2016/4/11,5.9,8,1,9.5,8,2016/4/11 10:46,8,1,2.7,8,2016/4/11 23:26,8,1
2016/4/12,6.6,8,1,13.2,8,2016/4/12 14:56,8,1,0.7,8,2016/4/12 05:41,8,1
2016/4/13,8.6,8,1,12.3,8,2016/4/13 18:18,8,1,2.6,8,2016/4/13 04:32,8,1
2016/4/14,14.6,8,1,19.5,8,2016/4/14 15:29,8,1,10.6,8,2016/4/14 00:05,8,1
2016/4/15,10.6,8,1,14.6,8,2016/4/15 01:08,8,1,6.5,8,2016/4/15 23:48,8,1
2016/4/16,10.0,8,1,16.2,8,2016/4/16 15:34,8,1,-1.2,8,2016/4/16 05:19,8,1
2016/4/17,14.0,8,1,19.9,8,2016/4/17 17:13,8,1,6.7,8,2016/4/17 00:31,8,1
2016/4/18,14.7,8,1,22.0,8,2016/4/18 12:46,8,1,9.5,8,2016/4/18 05:38,8,1
2016/4/19,11.8,8,1,18.0,8,2016/4/19 14:32,8,1,5.1,8,2016/4/19 05:28,8,1
2016/4/20,10.5,8,1,16.5,8,2016/4/20 14:27,8,1,3.8,8,2016/4/20 23:06,8,1
2016/4/21,10.8,5,1,15.4,5,2016/4/21 14:04,5,1,4.1,5,2016/4/21 00:39,5,1
2016/4/22,15.5,8,1,23.1,8,2016/4/22 14:24,8,1,10.3,8,2016/4/22 04:00,8,1
2016/4/23,14.6,8,1,19.6,8,2016/4/23 14:18,8,1,10.8,8,2016/4/23 04:25,8,1
2016/4/24,13.3,8,1,19.0,8,2016/4/24 11:41,8,1,7.7,8,2016/4/24 21:25,8,1
2016/4/25,13.3,8,1,19.4,8,2016/4/25 14:26,8,1,5.8,8,2016/4/25 04:44,8,1
2016/4/26,14.9,8,1,22.5,8,2016/4/26 15:26,8,1,5.9,8,2016/4/26 04:54,8,1
2016/4/27,13.9,8,1,19.3,8,2016/4/27 12:48,8,1,9.0,8,2016/4/27 05:20,8,1
2016/4/28,11.1,8,1,12.6,8,2016/4/28 19:00,8,1,9.2,8,2016/4/28 06:29,8,1
2016/4/29,11.0,8,1,14.5,8,2016/4/29 13:06,8,1,6.5,8,2016/4/29 22:11,8,1
2016/4/30,11.2,8,1,18.5,8,2016/4/30 13:33,8,1,3.7,8,2016/4/30 05:00,8,1
2016/5/1,13.7,8,1,20.2,8,2016/5/1 15:45,8,1,8.3,8,2016/5/1 05:32,8,1
2016/5/2,12.7,8,1,16.1,8,2016/5/2 17:20,8,1,10.0,8,2016/5/2 22:14,8,1
2016/5/3,16.8,8,1,22.3,8,2016/5/3 13:58,8,1,12.0,8,2016/5/3 00:06,8,1
2016/5/4,15.3,8,1,21.8,8,2016/5/4 11:42,8,1,8.8,8,2016/5/4 23:16,8,1
2016/5/5,13.8,8,1,22.5,8,2016/5/5 14:14,8,1,6.3,8,2016/5/6 0:00,8,1
2016/5/6,14.0,8,1,18.8,8,2016/5/6 14:50,8,1,5.7,8,2016/5/6 00:05,8,1
2016/5/7,17.3,8,1,23.5,8,2016/5/7 15:33,8,1,11.4,8,2016/5/7 05:09,8,1
2016/5/8,16.7,8,1,22.1,8,2016/5/8 14:04,8,1,10.6,8,2016/5/8 23:05,8,1
2016/5/9,15.0,8,1,19.6,8,2016/5/9 13:26,8,1,8.6,8,2016/5/9 04:50,8,1
2016/5/10,15.5,8,1,19.1,8,2016/5/10 13:03,8,1,13.1,8,2016/5/11 0:00,8,1
2016/5/11,15.5,8,1,18.2,8,2016/5/11 16:30,8,1,12.7,8,2016/5/11 05:12,8,1
2016/5/12,17.9,8,1,23.9,8,2016/5/12 13:50,8,1,13.4,8,2016/5/12 23:10,8,1
2016/5/13,17.8,8,1,24.3,8,2016/5/13 15:26,8,1,9.3,8,2016/5/13 05:04,8,1
2016/5/14,18.7,8,1,23.4,8,2016/5/14 13:59,8,1,11.7,8,2016/5/14 23:44,8,1
2016/5/15,14.9,8,1,21.5,8,2016/5/15 14:32,8,1,8.8,8,2016/5/15 05:16,8,1
2016/5/16,14.5,8,1,17.1,8,2016/5/16 18:08,8,1,11.5,8,2016/5/16 05:57,8,1
2016/5/17,14.4,8,1,16.5,8,2016/5/17 00:06,8,1,9.6,8,2016/5/17 23:49,8,1
2016/5/18,16.6,8,1,25.4,8,2016/5/18 14:18,8,1,6.3,8,2016/5/18 04:23,8,1
2016/5/19,17.2,8,1,24.3,8,2016/5/19 14:30,8,1,9.2,8,2016/5/19 03:32,8,1
2016/5/20,14.8,8,1,20.2,8,2016/5/20 15:55,8,1,7.4,8,2016/5/20 04:56,8,1
2016/5/21,15.1,8,1,24.7,8,2016/5/21 12:47,8,1,6.5,8,2016/5/21 04:20,8,1
2016/5/22,19.3,8,1,27.2,8,2016/5/22 14:04,8,1,11.7,8,2016/5/22 23:52,8,1
2016/5/23,20.6,8,1,29.3,8,2016/5/23 14:22,8,1,10.2,8,2016/5/23 04:05,8,1
2016/5/24,20.6,8,1,26.6,8,2016/5/24 15:08,8,1,11.9,8,2016/5/24 04:51,8,1
2016/5/25,19.0,8,1,21.7,8,2016/5/25 14:49,8,1,15.7,8,2016/5/25 04:28,8,1
2016/5/26,20.9,8,1,26.1,8,2016/5/26 15:52,8,1,17.0,8,2016/5/26 05:15,8,1
2016/5/27,17.8,8,1,20.9,8,2016/5/27 15:38,8,1,13.4,8,2016/5/27 23:04,8,1
2016/5/28,16.9,8,1,22.6,8,2016/5/28 13:17,8,1,12.1,8,2016/5/28 04:56,8,1
2016/5/29,19.8,8,1,26.4,8,2016/5/29 14:35,8,1,11.0,8,2016/5/29 02:08,8,1
2016/5/30,16.6,8,1,19.3,8,2016/5/30 11:45,8,1,14.1,8,2016/5/30 23:15,8,1
2016/5/31,18.7,8,1,23.1,8,2016/5/31 12:55,8,1,13.5,8,2016/5/31 05:27,8,1
2016/6/1,16.9,8,1,22.1,8,2016/6/1 12:59,8,1,11.0,8,2016/6/1 23:58,8,1
2016/6/2,15.7,8,1,19.9,8,2016/6/2 13:29,8,1,10.6,8,2016/6/2 00:03,8,1
2016/6/3,16.0,8,1,21.9,8,2016/6/3 14:41,8,1,8.6,8,2016/6/3 03:50,8,1
2016/6/4,18.2,8,1,24.7,8,2016/6/4 15:04,8,1,8.4,8,2016/6/4 04:14,8,1
2016/6/5,20.2,8,1,25.2,8,2016/6/5 16:15,8,1,15.5,8,2016/6/6 0:00,8,1
2016/6/6,17.1,8,1,21.0,8,2016/6/6 14:47,8,1,13.7,8,2016/6/6 03:52,8,1
2016/6/7,15.7,8,1,17.4,8,2016/6/7 13:59,8,1,14.0,8,2016/6/7 05:21,8,1
2016/6/8,19.9,8,1,24.6,8,2016/6/8 13:23,8,1,16.1,8,2016/6/8 04:22,8,1
2016/6/9,19.8,8,1,23.4,8,2016/6/9 16:04,8,1,17.9,8,2016/6/9 05:27,8,1
2016/6/10,22.0,8,1,28.6,8,2016/6/10 13:54,8,1,16.1,8,2016/6/11 0:00,8,1
2016/6/11,21.2,8,1,28.2,8,2016/6/11 13:34,8,1,13.3,8,2016/6/11 04:09,8,1
2016/6/12,21.1,8,1,26.2,8,2016/6/12 13:59,8,1,15.5,8,2016/6/12 00:45,8,1
2016/6/13,17.7,8,1,19.8,8,2016/6/13 00:23,8,1,15.4,8,2016/6/13 08:49,8,1
2016/6/14,19.8,8,1,23.5,8,2016/6/14 13:16,8,1,17.0,8,2016/6/15 0:00,8,1
2016/6/15,16.6,8,1,18.2,8,2016/6/15 13:49,8,1,15.4,8,2016/6/15 06:34,8,1
2016/6/16,18.2,8,1,19.6,8,2016/6/16 16:09,8,1,16.1,8,2016/6/16 00:02,8,1
2016/6/17,21.6,8,1,28.2,8,2016/6/17 12:46,8,1,15.2,8,2016/6/17 23:55,8,1
2016/6/18,22.5,8,1,29.1,8,2016/6/18 14:38,8,1,14.1,8,2016/6/18 02:34,8,1
2016/6/19,21.2,8,1,25.8,8,2016/6/19 11:45,8,1,15.4,8,2016/6/19 03:31,8,1
2016/6/20,21.7,8,1,27.4,8,2016/6/20 13:01,8,1,17.5,8,2016/6/20 04:53,8,1
2016/6/21,21.1,8,1,25.4,8,2016/6/21 16:20,8,1,16.5,8,2016/6/21 04:34,8,1
2016/6/22,19.9,8,1,24.2,8,2016/6/22 11:04,8,1,16.4,8,2016/6/22 03:32,8,1
2016/6/23,19.7,8,1,23.6,8,2016/6/23 13:55,8,1,17.6,8,2016/6/23 23:12,8,1
2016/6/24,18.8,8,1,21.5,8,2016/6/24 13:02,8,1,15.7,8,2016/6/24 04:33,8,1
2016/6/25,20.8,8,1,24.5,8,2016/6/25 15:11,8,1,18.6,8,2016/6/25 04:55,8,1
2016/6/26,21.4,8,1,26.8,8,2016/6/26 12:52,8,1,14.8,8,2016/6/26 23:54,8,1
2016/6/27,21.0,8,1,26.0,8,2016/6/27 12:53,8,1,13.8,8,2016/6/27 04:44,8,1
2016/6/28,17.6,8,1,19.1,8,2016/6/28 16:45,8,1,16.0,8,2016/6/28 05:05,8,1
2016/6/29,19.5,8,1,22.6,8,2016/6/29 13:16,8,1,16.7,8,2016/6/29 04:54,8,1
2016/6/30,20.5,8,1,24.3,8,2016/6/30 15:09,8,1,18.2,8,2016/6/30 02:52,8,1
2016/7/1,23.1,8,1,29.0,8,2016/7/1 13:43,8,1,18.4,8,2016/7/1 01:42,8,1
2016/7/2,22.5,8,1,25.3,8,2016/7/2 17:46,8,1,20.2,8,2016/7/2 03:02,8,1
2016/7/3,24.0,8,1,29.8,8,2016/7/3 16:36,8,1,20.2,8,2016/7/4 0:00,8,1
2016/7/4,22.8,8,1,26.4,8,2016/7/4 13:59,8,1,19.4,8,2016/7/4 02:27,8,1
2016/7/5,17.6,8,1,19.8,8,2016/7/5 00:02,8,1,16.1,8,2016/7/5 23:14,8,1
2016/7/6,18.4,8,1,20.9,8,2016/7/6 16:32,8,1,16.0,8,2016/7/6 03:04,8,1
2016/7/7,22.9,8,1,30.6,8,2016/7/7 12:23,8,1,17.9,8,2016/7/7 04:16,8,1
2016/7/8,20.7,8,1,23.6,8,2016/7/8 15:44,8,1,18.0,8,2016/7/8 02:59,8,1
2016/7/9,20.0,8,1,21.4,8,2016/7/9 10:39,8,1,18.3,8,2016/7/9 23:52,8,1
2016/7/10,22.4,8,1,28.5,8,2016/7/10 15:54,8,1,17.3,8,2016/7/10 05:29,8,1
2016/7/11,24.0,8,1,30.6,8,2016/7/11 15:22,8,1,16.4,8,2016/7/11 04:49,8,1
2016/7/12,22.9,8,1,28.6,8,2016/7/12 15:21,8,1,17.3,8,2016/7/12 04:04,8,1
2016/7/13,22.2,8,1,23.9,8,2016/7/13 16:49,8,1,20.6,8,2016/7/13 03:28,8,1
2016/7/14,24.1,8,1,29.8,8,2016/7/14 13:45,8,1,21.1,8,2016/7/15 0:00,8,1
2016/7/15,21.9,8,1,25.1,8,2016/7/15 10:52,8,1,19.2,8,2016/7/15 04:59,8,1
2016/7/16,20.8,8,1,24.3,8,2016/7/16 12:38,8,1,18.7,8,2016/7/16 04:06,8,1
2016/7/17,22.6,8,1,25.3,8,2016/7/17 14:27,8,1,19.8,8,2016/7/17 01:26,8,1
2016/7/18,25.1,8,1,29.8,8,2016/7/18 11:55,8,1,21.3,8,2016/7/19 0:00,8,1
2016/7/19,24.6,8,1,29.9,8,2016/7/19 14:34,8,1,19.5,8,2016/7/19 04:41,8,1
2016/7/20,22.8,8,1,28.8,8,2016/7/20 13:51,8,1,18.8,8,2016/7/20 04:58,8,1
2016/7/21,19.6,8,1,20.9,8,2016/7/21 15:35,8,1,18.5,8,2016/7/22 0:00,8,1
2016/7/22,19.0,8,1,21.9,8,2016/7/22 13:20,8,1,16.4,8,2016/7/23 0:00,8,1
2016/7/23,19.0,8,1,23.5,8,2016/7/23 14:57,8,1,14.7,8,2016/7/23 03:52,8,1
2016/7/24,21.0,8,1,27.2,8,2016/7/24 13:28,8,1,15.2,8,2016/7/24 04:33,8,1
2016/7/25,21.6,8,1,25.8,8,2016/7/25 16:06,8,1,18.5,8,2016/7/25 03:15,8,1
2016/7/26,20.3,8,1,22.7,8,2016/7/26 13:21,8,1,18.9,8,2016/7/26 19:08,8,1
2016/7/27,21.7,8,1,24.5,8,2016/7/27 14:05,8,1,19.1,8,2016/7/27 02:22,8,1
2016/7/28,23.4,8,1,27.0,8,2016/7/28 16:52,8,1,20.7,8,2016/7/28 05:06,8,1
2016/7/29,24.8,8,1,29.4,8,2016/7/29 14:56,8,1,22.0,8,2016/7/30 0:00,8,1
2016/7/30,24.4,8,1,30.4,8,2016/7/30 15:46,8,1,18.2,8,2016/7/30 04:12,8,1
2016/7/31,25.1,8,1,31.1,8,2016/7/31 13:19,8,1,18.8,8,2016/7/31 04:58,8,1
2016/8/1,25.9,8,1,31.3,8,2016/8/1 14:09,8,1,22.3,8,2016/8/1 02:44,8,1
2016/8/2,23.6,8,1,30.4,8,2016/8/2 12:45,8,1,20.4,8,2016/8/2 05:08,8,1
2016/8/3,23.7,8,1,28.4,8,2016/8/3 15:41,8,1,20.9,8,2016/8/3 23:54,8,1
2016/8/4,25.0,8,1,31.5,8,2016/8/4 14:07,8,1,19.7,8,2016/8/4 05:11,8,1
2016/8/5,26.1,8,1,31.3,8,2016/8/5 13:50,8,1,20.7,8,2016/8/5 04:53,8,1
2016/8/6,26.8,8,1,33.8,8,2016/8/6 14:49,8,1,20.9,8,2016/8/6 05:01,8,1
2016/8/7,26.1,8,1,30.8,8,2016/8/7 15:17,8,1,21.9,8,2016/8/7 23:53,8,1
2016/8/8,25.3,8,1,29.4,8,2016/8/8 13:02,8,1,19.8,8,2016/8/8 04:10,8,1
2016/8/9,27.6,8,1,31.7,8,2016/8/9 14:02,8,1,21.9,8,2016/8/9 23:27,8,1
2016/8/10,24.8,8,1,29.8,8,2016/8/10 11:31,8,1,21.2,8,2016/8/10 02:00,8,1
2016/8/11,23.7,8,1,28.9,8,2016/8/11 13:50,8,1,21.4,8,2016/8/11 21:28,8,1
2016/8/12,23.3,8,1,29.1,8,2016/8/12 14:39,8,1,18.4,8,2016/8/12 05:11,8,1
2016/8/13,23.0,8,1,28.6,8,2016/8/13 15:38,8,1,18.6,8,2016/8/13 04:50,8,1
2016/8/14,21.3,8,1,24.7,8,2016/8/14 13:13,8,1,18.6,8,2016/8/14 03:07,8,1
2016/8/15,21.3,8,1,23.7,8,2016/8/15 16:04,8,1,18.5,8,2016/8/15 02:39,8,1
2016/8/16,24.9,8,1,30.0,8,2016/8/16 13:55,8,1,20.9,8,2016/8/16 05:29,8,1
2016/8/17,25.8,8,1,32.5,8,2016/8/17 12:22,8,1,22.9,8,2016/8/17 00:50,8,1
2016/8/18,23.7,8,1,25.6,8,2016/8/18 09:03,8,1,22.4,8,2016/8/18 06:42,8,1
2016/8/19,25.9,8,1,30.8,8,2016/8/19 14:24,8,1,23.1,8,2016/8/19 05:01,8,1
2016/8/20,24.2,8,1,28.3,8,2016/8/20 14:29,8,1,20.8,8,2016/8/21 0:00,8,1
2016/8/21,24.8,8,1,29.7,8,2016/8/21 15:30,8,1,19.0,8,2016/8/21 05:33,8,1
2016/8/22,23.5,8,1,26.1,8,2016/8/22 08:58,8,1,21.3,8,2016/8/22 23:21,8,1
2016/8/23,23.7,8,1,30.2,8,2016/8/23 13:24,8,1,20.1,8,2016/8/23 03:58,8,1
2016/8/24,23.2,8,1,27.2,8,2016/8/24 15:35,8,1,20.3,8,2016/8/24 05:37,8,1
2016/8/25,25.0,8,1,30.2,8,2016/8/25 14:02,8,1,22.4,8,2016/8/25 04:18,8,1
2016/8/26,25.3,8,1,30.5,8,2016/8/26 13:43,8,1,22.2,8,2016/8/26 21:46,8,1
2016/8/27,21.0,8,1,22.7,8,2016/8/27 03:08,8,1,18.8,8,2016/8/27 23:56,8,1
2016/8/28,20.5,8,1,23.3,8,2016/8/28 12:41,8,1,18.7,8,2016/8/28 04:48,8,1
2016/8/29,23.7,8,1,28.1,8,2016/8/29 12:28,8,1,20.2,8,2016/8/29 01:09,8,1
2016/8/30,23.4,8,1,25.7,8,2016/8/30 08:48,8,1,19.9,8,2016/8/30 23:16,8,1
2016/8/31,22.7,8,1,28.6,8,2016/8/31 15:13,8,1,18.3,8,2016/9/1 0:00,8,1
2016/9/1,23.1,8,1,30.3,8,2016/9/1 13:33,8,1,16.7,8,2016/9/1 05:16,8,1
2016/9/2,23.6,8,1,28.9,8,2016/9/2 13:36,8,1,18.6,8,2016/9/2 05:09,8,1
2016/9/3,24.1,8,1,29.6,8,2016/9/3 14:40,8,1,18.4,8,2016/9/3 04:16,8,1
2016/9/4,24.0,8,1,28.3,8,2016/9/4 12:57,8,1,20.8,8,2016/9/4 04:20,8,1
2016/9/5,25.6,8,1,30.1,8,2016/9/5 14:31,8,1,22.5,8,2016/9/5 05:32,8,1
2016/9/6,25.4,8,1,30.0,8,2016/9/6 14:47,8,1,22.6,8,2016/9/6 23:31,8,1
2016/9/7,24.3,8,1,28.8,8,2016/9/7 15:44,8,1,21.9,8,2016/9/7 07:41,8,1
2016/9/8,22.3,8,1,24.1,8,2016/9/8 17:45,8,1,21.0,8,2016/9/8 10:12,8,1
2016/9/9,23.7,8,1,27.6,8,2016/9/9 10:47,8,1,20.2,8,2016/9/9 23:53,8,1
2016/9/10,22.8,8,1,27.9,8,2016/9/10 13:48,8,1,18.2,8,2016/9/10 05:37,8,1
2016/9/11,22.2,8,1,26.3,8,2016/9/11 14:53,8,1,18.7,8,2016/9/11 05:36,8,1
2016/9/12,20.9,8,1,24.2,8,2016/9/12 13:44,8,1,18.5,8,2016/9/12 23:57,8,1
2016/9/13,19.7,8,1,22.5,8,2016/9/13 14:13,8,1,18.5,8,2016/9/13 00:39,8,1
2016/9/14,21.4,8,1,26.0,8,2016/9/14 14:35,8,1,18.3,8,2016/9/14 06:33,8,1
2016/9/15,21.6,8,1,25.7,8,2016/9/15 14:11,8,1,19.0,8,2016/9/16 0:00,8,1
2016/9/16,20.4,8,1,23.4,8,2016/9/16 14:34,8,1,18.1,8,2016/9/16 04:38,8,1
2016/9/17,21.3,8,1,26.1,8,2016/9/17 13:16,8,1,18.1,8,2016/9/17 05:27,8,1
2016/9/18,19.4,8,1,20.7,8,2016/9/18 15:38,8,1,18.0,8,2016/9/18 01:44,8,1
2016/9/19,19.1,8,1,20.6,8,2016/9/19 15:49,8,1,17.8,8,2016/9/20 0:00,8,1
2016/9/20,17.2,8,1,19.1,8,2016/9/20 11:09,8,1,16.0,8,2016/9/21 0:00,8,1
2016/9/21,17.2,8,1,20.6,8,2016/9/21 12:30,8,1,15.0,8,2016/9/21 06:27,8,1
2016/9/22,17.4,8,1,18.5,8,2016/9/22 14:59,8,1,16.2,8,2016/9/22 01:57,8,1
2016/9/23,19.2,8,1,22.0,8,2016/9/23 11:45,8,1,16.9,8,2016/9/23 05:44,8,1
2016/9/24,18.9,8,1,21.9,8,2016/9/24 09:53,8,1,15.9,8,2016/9/24 05:27,8,1
2016/9/25,21.8,8,1,27.0,8,2016/9/25 14:26,8,1,16.6,8,2016/9/25 06:02,8,1
2016/9/26,21.2,8,1,24.4,8,2016/9/26 13:57,8,1,19.7,8,2016/9/26 05:53,8,1
2016/9/27,22.7,8,1,27.2,8,2016/9/27 13:52,8,1,19.8,8,2016/9/27 05:28,8,1
2016/9/28,22.2,8,1,24.6,8,2016/9/28 11:36,8,1,20.3,8,2016/9/28 05:23,8,1
2016/9/29,20.2,8,1,23.1,8,2016/9/29 11:26,8,1,15.5,8,2016/9/29 23:54,8,1
2016/9/30,16.1,8,1,21.5,8,2016/9/30 12:30,8,1,8.6,8,2016/9/30 05:48,8,1
2016/10/1,17.9,8,1,22.1,8,2016/10/1 14:26,8,1,15.1,8,2016/10/1 03:03,8,1
2016/10/2,20.6,8,1,26.4,8,2016/10/2 13:52,8,1,16.4,8,2016/10/2 00:30,8,1
2016/10/3,20.0,8,1,21.6,8,2016/10/3 14:02,8,1,18.1,8,2016/10/3 00:08,8,1
2016/10/4,20.9,8,1,28.2,8,2016/10/4 11:23,8,1,14.7,8,2016/10/5 0:00,8,1
2016/10/5,17.6,8,1,20.3,8,2016/10/5 10:24,8,1,13.5,8,2016/10/5 02:19,8,1
2016/10/6,20.0,8,1,24.3,8,2016/10/6 09:51,8,1,12.5,8,2016/10/6 21:12,8,1
2016/10/7,16.8,8,1,22.4,8,2016/10/7 14:14,8,1,12.9,8,2016/10/7 21:31,8,1
2016/10/8,16.3,8,1,18.1,8,2016/10/8 21:02,8,1,14.1,8,2016/10/8 06:24,8,1
2016/10/9,17.4,8,1,20.7,8,2016/10/9 13:07,8,1,14.3,8,2016/10/10 0:00,8,1
2016/10/10,14.4,8,1,18.3,8,2016/10/10 11:34,8,1,11.9,8,2016/10/10 04:16,8,1
2016/10/11,12.4,8,1,15.8,8,2016/10/11 13:23,8,1,8.6,8,2016/10/11 23:45,8,1
2016/10/12,13.7,8,1,21.5,8,2016/10/12 11:44,8,1,6.5,8,2016/10/12 05:15,8,1
2016/10/13,12.1,8,1,15.9,8,2016/10/13 12:34,8,1,9.7,8,2016/10/14 0:00,8,1
2016/10/14,11.3,8,1,19.1,8,2016/10/14 14:36,8,1,5.5,8,2016/10/14 04:15,8,1
2016/10/15,12.2,8,1,20.7,8,2016/10/15 14:02,8,1,4.4,8,2016/10/15 05:32,8,1
2016/10/16,14.3,8,1,22.2,8,2016/10/16 13:45,8,1,5.0,8,2016/10/16 05:42,8,1
2016/10/17,15.3,8,1,16.7,8,2016/10/17 14:29,8,1,13.2,8,2016/10/17 01:26,8,1
2016/10/18,18.7,8,1,25.8,8,2016/10/18 13:16,8,1,13.3,8,2016/10/18 05:05,8,1
2016/10/19,17.0,8,1,22.2,8,2016/10/19 12:17,8,1,12.3,8,2016/10/19 05:53,8,1
2016/10/20,18.2,8,1,24.4,8,2016/10/20 12:04,8,1,14.0,8,2016/10/20 23:19,8,1
2016/10/21,13.4,8,1,19.8,8,2016/10/21 12:24,8,1,6.5,8,2016/10/21 23:54,8,1
2016/10/22,11.5,8,1,16.9,8,2016/10/22 12:27,8,1,4.9,8,2016/10/22 05:40,8,1
2016/10/23,13.9,8,1,19.1,8,2016/10/23 12:18,8,1,10.1,8,2016/10/23 01:30,8,1
2016/10/24,10.7,8,1,16.5,8,2016/10/24 12:38,8,1,3.5,8,2016/10/24 23:46,8,1
2016/10/25,9.8,8,1,15.6,8,2016/10/25 11:45,8,1,1.5,8,2016/10/25 05:10,8,1
2016/10/26,17.5,8,1,24.9,8,2016/10/26 14:03,8,1,10.9,8,2016/10/26 04:58,8,1
2016/10/27,13.5,8,1,17.7,8,2016/10/27 00:40,8,1,4.9,8,2016/10/27 23:37,8,1
2016/10/28,8.6,8,1,10.4,8,2016/10/28 11:18,8,1,5.8,8,2016/10/28 03:05,8,1
2016/10/29,11.8,8,1,16.9,8,2016/10/29 08:35,8,1,7.8,8,2016/10/29 21:05,8,1
2016/10/30,8.3,8,1,12.6,8,2016/10/30 15:06,8,1,3.7,8,2016/10/30 06:25,8,1
2016/10/31,9.6,8,1,16.4,8,2016/10/31 12:38,8,1,3.0,8,2016/10/31 04:16,8,1
2016/11/1,10.1,8,1,16.8,8,2016/11/1 13:07,8,1,6.3,8,2016/11/1 23:45,8,1
2016/11/2,7.2,8,1,10.9,8,2016/11/2 14:14,8,1,3.5,8,2016/11/2 05:10,8,1
2016/11/3,9.3,8,1,16.3,8,2016/11/3 11:18,8,1,5.7,8,2016/11/3 19:41,8,1
2016/11/4,7.7,8,1,13.3,8,2016/11/4 12:38,8,1,1.5,8,2016/11/4 23:48,8,1
2016/11/5,9.1,8,1,17.5,8,2016/11/5 14:09,8,1,1.2,8,2016/11/5 05:28,8,1
2016/11/6,10.2,8,1,14.6,8,2016/11/6 05:05,8,1,5.2,8,2016/11/6 02:21,8,1
2016/11/7,4.5,8,1,11.1,8,2016/11/7 14:08,8,1,-0.3,8,2016/11/7 05:26,8,1
2016/11/8,6.9,8,1,12.0,8,2016/11/8 21:21,8,1,-0.6,8,2016/11/8 05:12,8,1
2016/11/9,6.2,8,1,9.6,8,2016/11/9 00:13,8,1,3.7,8,2016/11/9 23:39,8,1
2016/11/10,5.3,8,1,9.7,8,2016/11/10 13:07,8,1,1.7,8,2016/11/10 01:44,8,1
2016/11/11,7.1,8,1,10.3,8,2016/11/11 15:32,8,1,4.2,8,2016/11/11 03:23,8,1
2016/11/12,9.7,8,1,15.5,8,2016/11/12 14:04,8,1,3.2,8,2016/11/12 22:34,8,1
2016/11/13,8.6,8,1,16.0,8,2016/11/13 14:37,8,1,1.3,8,2016/11/13 06:08,8,1
2016/11/14,11.6,8,1,15.5,8,2016/11/14 11:41,8,1,5.9,8,2016/11/14 03:47,8,1
2016/11/15,12.9,8,1,20.2,8,2016/11/15 13:48,8,1,8.6,8,2016/11/15 23:48,8,1
2016/11/16,7.0,8,1,10.7,8,2016/11/16 11:54,8,1,-0.3,8,2016/11/16 23:24,8,1
2016/11/17,6.6,8,1,14.6,8,2016/11/17 13:08,8,1,-0.7,8,2016/11/17 06:21,8,1
2016/11/18,4.8,8,1,11.9,8,2016/11/18 13:55,8,1,-1.8,8,2016/11/18 06:37,8,1
2016/11/19,7.7,8,1,10.4,8,2016/11/19 16:27,8,1,3.7,8,2016/11/19 02:37,8,1
2016/11/20,10.9,8,1,16.2,8,2016/11/20 18:01,8,1,6.1,8,2016/11/20 01:24,8,1
2016/11/21,8.8,8,1,10.9,8,2016/11/21 15:00,8,1,3.8,8,2016/11/21 05:47,8,1
2016/11/22,11.9,8,1,19.0,8,2016/11/22 13:17,8,1,6.6,8,2016/11/22 07:09,8,1
2016/11/23,6.1,8,1,11.1,8,2016/11/23 00:27,8,1,3.2,8,2016/11/23 23:24,8,1
2016/11/24,0.4,8,1,3.4,8,2016/11/24 03:00,8,1,-3.7,8,2016/11/24 23:04,8,1
2016/11/25,1.1,8,1,6.8,8,2016/11/25 15:41,8,1,-4.8,8,2016/11/25 05:24,8,1
2016/11/26,4.5,8,1,9.2,8,2016/11/26 13:33,8,1,-1.6,8,2016/11/26 04:53,8,1
2016/11/27,8.1,8,1,11.4,8,2016/11/27 13:23,8,1,5.0,8,2016/11/27 02:19,8,1
2016/11/28,6.7,8,1,9.6,8,2016/11/28 11:34,8,1,1.8,8,2016/11/28 21:44,8,1
2016/11/29,5.2,8,1,9.4,8,2016/11/29 13:54,8,1,2.0,8,2016/11/29 21:59,8,1
2016/11/30,5.0,8,1,7.9,8,2016/11/30 13:25,8,1,2.9,8,2016/11/30 05:52,8,1
2016/12/1,8.9,8,1,14.1,8,2016/12/1 15:20,8,1,4.5,8,2016/12/1 03:12,8,1
2016/12/2,6.7,8,1,11.4,8,2016/12/2 11:27,8,1,-0.2,8,2016/12/2 23:49,8,1
2016/12/3,5.7,8,1,14.0,8,2016/12/3 13:59,8,1,-0.4,8,2016/12/3 00:20,8,1
2016/12/4,7.2,8,1,13.9,8,2016/12/4 11:16,8,1,0.2,8,2016/12/4 06:01,8,1
2016/12/5,9.7,8,1,16.8,8,2016/12/5 14:01,8,1,2.8,8,2016/12/5 06:45,8,1
2016/12/6,4.7,8,1,11.6,8,2016/12/6 09:05,8,1,0.3,8,2016/12/6 23:09,8,1
2016/12/7,2.9,8,1,8.1,8,2016/12/7 14:14,8,1,-1.9,8,2016/12/7 06:37,8,1
2016/12/8,3.8,8,1,8.6,8,2016/12/8 13:16,8,1,-2.3,8,2016/12/8 04:14,8,1
2016/12/9,6.2,8,1,11.8,8,2016/12/9 14:22,8,1,-0.8,8,2016/12/9 07:07,8,1
2016/12/10,2.7,8,1,6.2,8,2016/12/10 01:40,8,1,-3.6,8,2016/12/10 23:06,8,1
2016/12/11,0.9,8,1,2.8,8,2016/12/11 12:57,8,1,-4.0,8,2016/12/11 02:16,8,1
2016/12/12,2.9,8,1,8.3,8,2016/12/12 13:53,8,1,-1.1,8,2016/12/12 19:53,8,1
2016/12/13,5.1,8,1,9.7,8,2016/12/13 14:02,8,1,-0.2,8,2016/12/13 04:33,8,1
2016/12/14,4.5,8,1,7.6,8,2016/12/14 13:21,8,1,0.7,8,2016/12/14 22:27,8,1
2016/12/15,1.3,8,1,5.9,8,2016/12/15 12:44,8,1,-4.8,8,2016/12/15 23:57,8,1
2016/12/16,-0.3,8,1,5.5,8,2016/12/16 11:32,8,1,-5.2,8,2016/12/16 01:03,8,1
2016/12/17,1.2,8,1,6.5,8,2016/12/17 12:57,8,1,-5.4,8,2016/12/17 03:20,8,1
2016/12/18,4.2,8,1,11.2,8,2016/12/18 14:44,8,1,-3.6,8,2016/12/18 06:49,8,1
2016/12/19,5.8,8,1,13.1,8,2016/12/19 14:02,8,1,0.1,8,2016/12/19 03:50,8,1
2016/12/20,7.1,8,1,14.1,8,2016/12/20 12:42,8,1,0.2,8,2016/12/20 02:26,8,1
2016/12/21,5.5,8,1,14.5,8,2016/12/21 13:23,8,1,-0.4,8,2016/12/21 04:21,8,1
2016/12/22,9.2,8,1,12.8,8,2016/12/22 21:28,8,1,-0.5,8,2016/12/22 00:51,8,1
2016/12/23,10.3,8,1,13.9,8,2016/12/23 05:28,8,1,4.2,8,2016/12/23 23:48,8,1
2016/12/24,4.1,8,1,6.3,8,2016/12/24 12:40,8,1,1.5,8,2016/12/24 23:16,8,1
2016/12/25,1.8,8,1,8.2,8,2016/12/25 14:43,8,1,-4.2,8,2016/12/25 06:48,8,1
2016/12/26,2.0,8,1,7.4,8,2016/12/26 13:08,8,1,-4.0,8,2016/12/26 04:56,8,1
2016/12/27,5.4,8,1,11.5,8,2016/12/27 12:23,8,1,1.0,8,2016/12/27 01:42,8,1
2016/12/28,1.1,8,1,4.6,8,2016/12/28 00:48,8,1,-5.9,8,2016/12/28 23:24,8,1
2016/12/29,0.2,8,1,5.7,8,2016/12/29 15:04,8,1,-7.5,8,2016/12/29 03:15,8,1
2016/12/30,0.0,8,1,3.4,8,2016/12/30 13:56,8,1,-5.6,8,2016/12/30 22:35,8,1
2016/12/31,0.9,8,1,6.9,8,2016/12/31 15:46,8,1,-6.6,8,2016/12/31 03:41,8,1
2017/1/1,3.9,8,1,9.2,8,2017/1/1 12:00,8,1,-1.6,8,2017/1/1 23:37,8,1
2017/1/2,2.9,8,1,11.8,8,2017/1/2 13:52,8,1,-3.3,8,2017/1/2 03:49,8,1
2017/1/3,4.5,8,1,7.3,8,2017/1/3 12:42,8,1,0.8,8,2017/1/3 20:33,8,1
2017/1/4,3.0,8,1,6.8,8,2017/1/4 14:28,8,1,-2.9,8,2017/1/4 04:31,8,1
2017/1/5,2.1,8,1,4.9,8,2017/1/5 11:46,8,1,-0.6,8,2017/1/5 20:38,8,1
2017/1/6,0.9,8,1,4.6,8,2017/1/6 13:05,8,1,-6.0,8,2017/1/6 23:51,8,1
2017/1/7,1.5,8,1,7.4,8,2017/1/7 14:34,8,1,-6.5,8,2017/1/7 06:37,8,1
2017/1/8,2.4,8,1,7.6,8,2017/1/8 12:45,8,1,-4.6,8,2017/1/8 07:03,8,1
2017/1/9,5.7,8,1,8.5,8,2017/1/9 12:02,8,1,3.0,8,2017/1/9 00:17,8,1
2017/1/10,5.0,8,1,9.8,8,2017/1/10 11:53,8,1,1.1,8,2017/1/10 21:32,8,1
2017/1/11,0.7,8,1,5.4,8,2017/1/11 12:47,8,1,-3.2,8,2017/1/11 22:10,8,1
2017/1/12,-0.1,8,1,5.5,8,2017/1/12 13:33,8,1,-5.4,8,2017/1/12 02:24,8,1
2017/1/13,-0.1,8,1,3.9,8,2017/1/13 10:36,8,1,-3.2,8,2017/1/13 02:46,8,1
2017/1/14,-3.3,8,1,-0.8,8,2017/1/14 00:15,8,1,-5.8,8,2017/1/14 23:02,8,1
2017/1/15,-3.6,8,1,-0.2,8,2017/1/15 13:56,8,1,-6.1,8,2017/1/16 0:00,8,1
2017/1/16,-1.5,8,1,2.8,8,2017/1/16 14:57,8,1,-7.4,8,2017/1/16 03:07,8,1
2017/1/17,0.8,8,1,3.6,8,2017/1/17 14:16,8,1,-4.9,8,2017/1/17 01:52,8,1
2017/1/18,1.7,8,1,6.7,8,2017/1/18 12:30,8,1,-3.6,8,2017/1/18 21:34,8,1
2017/1/19,1.8,8,1,5.4,8,2017/1/19 11:59,8,1,-4.0,8,2017/1/19 01:18,8,1
2017/1/20,-0.1,8,1,3.1,8,2017/1/20 12:05,8,1,-3.7,8,2017/1/20 01:42,8,1
2017/1/21,0.8,8,1,4.5,8,2017/1/21 13:06,8,1,-4.3,8,2017/1/21 23:52,8,1
2017/1/22,1.7,8,1,6.7,8,2017/1/22 15:19,8,1,-3.8,8,2017/1/22 00:17,8,1
2017/1/23,-0.4,8,1,3.2,8,2017/1/23 13:49,8,1,-2.9,8,2017/1/23 22:30,8,1
2017/1/24,-2.8,8,1,-1.5,8,2017/1/24 13:42,8,1,-6.2,8,2017/1/24 23:41,8,1
2017/1/25,-0.6,8,1,3.3,8,2017/1/25 12:53,8,1,-5.1,8,2017/1/25 02:55,8,1
2017/1/26,-0.4,8,1,7.2,8,2017/1/26 14:20,8,1,-7.0,8,2017/1/26 06:34,8,1
2017/1/27,1.4,8,1,7.7,8,2017/1/27 17:48,8,1,-5.4,8,2017/1/27 00:54,8,1
2017/1/28,2.0,8,1,8.5,8,2017/1/28 12:56,8,1,-3.3,8,2017/1/28 04:37,8,1
2017/1/29,4.2,8,1,9.2,8,2017/1/29 14:57,8,1,-1.7,8,2017/1/29 01:05,8,1
2017/1/30,4.6,8,1,14.3,8,2017/1/30 12:47,8,1,-0.7,8,2017/1/30 06:56,8,1
2017/1/31,0.9,8,1,4.6,8,2017/1/31 12:16,8,1,-3.8,8,2017/1/31 23:49,8,1
2017/2/1,1.1,8,1,7.1,8,2017/2/1 13:56,8,1,-6.0,8,2017/2/1 07:00,8,1
2017/2/2,-0.9,8,1,2.1,8,2017/2/2 13:50,8,1,-3.6,8,2017/2/2 03:21,8,1
2017/2/3,2.2,8,1,5.7,8,2017/2/3 14:26,8,1,-1.9,8,2017/2/3 22:36,8,1
2017/2/4,3.0,8,1,8.3,8,2017/2/4 13:42,8,1,-3.6,8,2017/2/4 23:55,8,1
2017/2/5,3.1,8,1,8.6,8,2017/2/5 10:40,8,1,-3.8,8,2017/2/5 06:58,8,1
2017/2/6,5.1,8,1,10.0,8,2017/2/6 12:46,8,1,0.4,8,2017/2/6 01:37,8,1
2017/2/7,0.6,8,1,3.5,8,2017/2/7 12:31,8,1,-1.4,8,2017/2/7 08:52,8,1
2017/2/8,0.8,8,1,4.4,8,2017/2/8 13:15,8,1,-3.4,8,2017/2/8 23:54,8,1
2017/2/9,-0.4,8,1,0.6,8,2017/2/9 15:49,8,1,-3.2,8,2017/2/9 00:15,8,1
2017/2/10,0.3,8,1,2.6,8,2017/2/10 08:25,8,1,-2.4,8,2017/2/10 22:29,8,1
2017/2/11,-0.6,8,1,4.3,8,2017/2/11 13:32,8,1,-7.9,8,2017/2/11 06:45,8,1
2017/2/12,1.9,8,1,4.5,8,2017/2/12 14:10,8,1,-1.0,8,2017/2/12 00:07,8,1
2017/2/13,1.8,8,1,5.6,8,2017/2/13 11:40,8,1,-1.9,8,2017/2/13 23:31,8,1
2017/2/14,2.2,8,1,5.7,8,2017/2/14 13:28,8,1,-1.7,8,2017/2/14 00:11,8,1
2017/2/15,2.5,8,1,6.6,8,2017/2/15 13:43,8,1,-1.9,8,2017/2/15 19:54,8,1
2017/2/16,2.4,8,1,10.8,8,2017/2/16 14:59,8,1,-5.7,8,2017/2/16 06:48,8,1
2017/2/17,5.7,8,1,18.5,8,2017/2/17 15:30,8,1,-4.3,8,2017/2/17 06:32,8,1
2017/2/18,2.6,8,1,7.0,8,2017/2/18 14:53,8,1,-0.2,8,2017/2/18 23:15,8,1
2017/2/19,0.7,8,1,5.7,8,2017/2/19 15:08,8,1,-4.4,8,2017/2/19 22:45,8,1
2017/2/20,3.3,8,1,11.8,8,2017/2/20 14:45,8,1,-4.2,8,2017/2/20 03:23,8,1
2017/2/21,-0.1,8,1,2.0,8,2017/2/21 12:23,8,1,-1.5,8,2017/2/21 05:37,8,1
2017/2/22,2.3,8,1,6.8,8,2017/2/22 15:08,8,1,-4.3,8,2017/2/22 06:29,8,1
2017/2/23,5.9,8,1,14.9,8,2017/2/23 14:00,8,1,0.8,8,2017/2/23 03:31,8,1
2017/2/24,2.0,8,1,6.2,8,2017/2/24 12:10,8,1,-1.0,8,2017/2/24 21:55,8,1
2017/2/25,1.2,8,1,7.6,8,2017/2/25 14:15,8,1,-6.9,8,2017/2/25 06:07,8,1
2017/2/26,3.5,8,1,10.5,8,2017/2/26 15:14,8,1,-5.0,8,2017/2/26 05:56,8,1
2017/2/27,2.9,8,1,8.5,8,2017/2/27 13:33,8,1,-0.6,8,2017/2/27 20:56,8,1
2017/2/28,1.2,8,1,7.9,8,2017/2/28 14:43,8,1,-6.1,8,2017/2/28 06:16,8,1
2017/3/1,2.6,8,1,7.7,8,2017/3/1 15:13,8,1,-3.0,8,2017/3/1 00:22,8,1
2017/3/2,5.2,8,1,10.0,8,2017/3/2 13:03,8,1,2.1,8,2017/3/2 07:05,8,1
2017/3/3,5.2,8,1,9.3,8,2017/3/3 12:51,8,1,-1.0,8,2017/3/3 23:52,8,1
2017/3/4,3.2,8,1,11.0,8,2017/3/4 14:38,8,1,-4.8,8,2017/3/4 04:36,8,1
2017/3/5,6.0,8,1,12.6,8,2017/3/5 13:06,8,1,-1.1,8,2017/3/5 05:51,8,1
2017/3/6,5.3,8,1,9.5,8,2017/3/6 11:50,8,1,-0.4,8,2017/3/6 06:17,8,1
2017/3/7,1.1,8,1,6.1,8,2017/3/7 10:49,8,1,-4.1,8,2017/3/7 23:27,8,1
2017/3/8,-0.7,8,1,6.1,8,2017/3/8 11:08,8,1,-7.1,8,2017/3/8 06:09,8,1
2017/3/9,2.6,8,1,11.7,8,2017/3/9 13:59,8,1,-7.4,8,2017/3/9 04:53,8,1
2017/3/10,3.2,8,1,7.7,8,2017/3/10 09:50,8,1,-2.4,8,2017/3/10 03:20,8,1
2017/3/11,3.2,8,1,7.0,8,2017/3/11 13:06,8,1,-0.2,8,2017/3/12 0:00,8,1
2017/3/12,2.0,8,1,9.8,8,2017/3/12 14:47,8,1,-4.1,8,2017/3/12 05:24,8,1
2017/3/13,4.2,8,1,7.5,8,2017/3/13 15:36,8,1,-1.2,8,2017/3/13 00:08,8,1
2017/3/14,4.9,8,1,8.1,8,2017/3/14 12:35,8,1,2.5,8,2017/3/14 23:59,8,1
2017/3/15,2.0,8,1,4.6,8,2017/3/15 23:08,8,1,0.7,8,2017/3/15 20:31,8,1
2017/3/16,4.5,8,1,9.0,8,2017/3/16 12:45,8,1,-1.7,8,2017/3/16 21:18,8,1
2017/3/17,4.0,8,1,9.6,8,2017/3/17 14:02,8,1,-1.2,8,2017/3/17 21:27,8,1
2017/3/18,6.6,8,1,12.1,8,2017/3/18 12:28,8,1,-1.7,8,2017/3/18 00:36,8,1
2017/3/19,6.6,8,1,12.8,8,2017/3/19 12:34,8,1,-1.3,8,2017/3/19 03:07,8,1
2017/3/20,7.5,8,1,13.4,8,2017/3/20 14:33,8,1,1.6,8,2017/3/20 00:02,8,1
2017/3/21,5.5,8,1,6.7,8,2017/3/21 23:01,8,1,2.7,8,2017/3/21 00:42,8,1
2017/3/22,5.2,8,1,8.9,8,2017/3/22 14:59,8,1,0.3,8,2017/3/22 20:36,8,1
2017/3/23,4.5,8,1,8.2,8,2017/3/23 14:41,8,1,0.8,8,2017/3/23 02:44,8,1
2017/3/24,2.9,8,1,7.0,8,2017/3/24 11:36,8,1,0.8,8,2017/3/24 05:57,8,1
2017/3/25,4.4,8,1,10.3,8,2017/3/25 14:08,8,1,0.0,8,2017/3/26 0:00,8,1
2017/3/26,3.5,8,1,6.5,8,2017/3/26 14:44,8,1,-1.3,8,2017/3/26 01:08,8,1
2017/3/27,2.9,8,1,5.5,8,2017/3/27 16:01,8,1,1.0,8,2017/3/27 06:16,8,1
2017/3/28,4.7,8,1,9.9,8,2017/3/28 14:00,8,1,0.7,8,2017/3/28 05:59,8,1
2017/3/29,5.0,8,1,11.2,8,2017/3/29 15:51,8,1,-1.4,8,2017/3/29 05:47,8,1
2017/3/30,7.8,8,1,15.0,8,2017/3/30 15:50,8,1,-1.8,8,2017/3/30 05:35,8,1
2017/3/31,5.8,8,1,8.3,8,2017/3/31 12:54,8,1,3.1,8,2017/3/31 22:36,8,1
2017/4/1,4.5,8,1,6.9,8,2017/4/1 14:44,8,1,2.7,8,2017/4/1 04:58,8,1
2017/4/2,4.6,8,1,11.6,8,2017/4/2 14:13,8,1,-2.9,8,2017/4/2 05:00,8,1
2017/4/3,4.3,8,1,11.8,8,2017/4/3 12:37,8,1,-3.8,8,2017/4/3 05:35,8,1
2017/4/4,7.7,8,1,14.3,8,2017/4/4 15:02,8,1,1.1,8,2017/4/4 23:58,8,1
2017/4/5,9.3,8,1,18.4,8,2017/4/5 14:27,8,1,-1.0,8,2017/4/5 05:17,8,1
2017/4/6,11.4,8,1,18.4,8,2017/4/6 13:40,8,1,1.6,8,2017/4/6 05:12,8,1
2017/4/7,14.1,8,1,18.4,8,2017/4/7 16:35,8,1,10.6,8,2017/4/7 23:14,8,1
2017/4/8,12.9,8,1,15.9,8,2017/4/8 14:03,8,1,10.9,8,2017/4/8 08:42,8,1
2017/4/9,10.9,8,1,15.0,8,2017/4/9 09:00,8,1,5.7,8,2017/4/10 0:00,8,1
2017/4/10,7.5,8,1,14.8,8,2017/4/10 14:46,8,1,-0.1,8,2017/4/10 23:44,8,1
2017/4/11,6.3,8,1,12.4,8,2017/4/12 0:00,8,1,-1.7,8,2017/4/11 02:44,8,1
2017/4/12,9.6,8,1,12.7,8,2017/4/12 12:28,8,1,5.0,8,2017/4/12 23:24,8,1
2017/4/13,6.0,8,1,11.6,8,2017/4/13 14:02,8,1,-2.2,8,2017/4/13 04:56,8,1
2017/4/14,9.0,8,1,18.9,8,2017/4/14 15:23,8,1,-2.3,8,2017/4/14 04:20,8,1
2017/4/15,12.3,8,1,21.4,8,2017/4/15 12:50,8,1,2.8,8,2017/4/15 05:31,8,1
2017/4/16,14.9,8,1,24.8,8,2017/4/16 12:51,8,1,2.5,8,2017/4/16 04:57,8,1
2017/4/17,15.1,8,1,21.2,8,2017/4/17 13:34,8,1,8.9,8,2017/4/17 03:31,8,1
2017/4/18,14.3,8,1,20.0,8,2017/4/18 11:30,8,1,7.9,8,2017/4/19 0:00,8,1
2017/4/19,9.9,8,1,16.9,8,2017/4/19 09:58,8,1,3.6,8,2017/4/19 04:13,8,1
2017/4/20,11.6,5,1,17.9,5,2017/4/20 14:54,5,1,6.1,5,2017/4/20 04:43,5,1
2017/4/21,12.6,8,1,17.0,8,2017/4/21 15:27,8,1,8.3,8,2017/4/21 04:59,8,1
2017/4/22,11.9,8,1,16.3,8,2017/4/22 11:15,8,1,8.2,8,2017/4/23 0:00,8,1
2017/4/23,9.6,8,1,15.6,8,2017/4/23 13:44,8,1,2.1,8,2017/4/23 23:56,8,1
2017/4/24,9.4,8,1,17.2,8,2017/4/24 14:53,8,1,-0.6,8,2017/4/24 04:08,8,1
2017/4/25,12.6,8,1,18.9,8,2017/4/25 14:53,8,1,3.3,8,2017/4/25 05:09,8,1
2017/4/26,13.2,8,1,16.8,8,2017/4/26 14:17,8,1,8.0,8,2017/4/26 00:41,8,1
2017/4/27,11.3,8,1,15.8,8,2017/4/27 14:04,8,1,3.6,8,2017/4/28 0:00,8,1
2017/4/28,9.4,8,1,17.3,8,2017/4/28 12:20,8,1,0.1,8,2017/4/28 04:34,8,1
2017/4/29,9.7,8,1,18.4,8,2017/4/29 12:48,8,1,1.5,8,2017/4/29 03:58,8,1
2017/4/30,12.4,8,1,21.7,8,2017/4/30 16:30,8,1,1.1,8,2017/4/30 04:23,8,1
2017/5/1,11.9,8,1,18.5,8,2017/5/1 07:17,8,1,6.2,8,2017/5/1 03:55,8,1
2017/5/2,12.9,8,1,19.0,8,2017/5/2 13:57,8,1,4.8,8,2017/5/2 23:57,8,1
2017/5/3,12.9,8,1,21.0,8,2017/5/3 15:14,8,1,2.2,8,2017/5/3 04:41,8,1
2017/5/4,14.1,8,1,21.6,8,2017/5/4 14:12,8,1,5.9,8,2017/5/4 04:46,8,1
2017/5/5,15.7,8,1,23.4,8,2017/5/5 15:31,8,1,6.1,8,2017/5/5 04:06,8,1
2017/5/6,15.7,8,1,21.0,8,2017/5/6 16:29,8,1,8.8,8,2017/5/6 04:23,8,1
2017/5/7,16.5,8,1,22.9,8,2017/5/7 13:06,8,1,6.2,8,2017/5/8 0:00,8,1
2017/5/8,14.8,8,1,25.7,8,2017/5/8 12:43,8,1,2.4,8,2017/5/8 02:59,8,1
2017/5/9,14.1,8,1,18.4,8,2017/5/9 13:54,8,1,5.4,8,2017/5/9 04:42,8,1
2017/5/10,13.9,8,1,15.6,8,2017/5/10 14:00,8,1,11.8,8,2017/5/10 04:35,8,1
2017/5/11,16.2,8,1,21.0,8,2017/5/11 11:18,8,1,12.1,8,2017/5/11 21:43,8,1
2017/5/12,17.7,8,1,25.1,8,2017/5/12 14:12,8,1,9.6,8,2017/5/12 01:30,8,1
2017/5/13,14.6,8,1,16.0,8,2017/5/13 00:09,8,1,13.3,8,2017/5/13 13:51,8,1
2017/5/14,15.4,8,1,18.2,8,2017/5/14 13:24,8,1,13.0,8,2017/5/15 0:00,8,1
2017/5/15,14.0,8,1,16.2,8,2017/5/15 17:22,8,1,12.0,8,2017/5/16 0:00,8,1
2017/5/16,15.6,8,1,21.1,8,2017/5/16 14:40,8,1,9.8,8,2017/5/16 03:43,8,1
2017/5/17,13.4,8,1,15.6,8,2017/5/17 14:35,8,1,11.4,8,2017/5/17 04:43,8,1
2017/5/18,14.3,8,1,18.7,8,2017/5/18 17:05,8,1,10.2,8,2017/5/18 23:51,8,1
2017/5/19,17.0,8,1,23.9,8,2017/5/19 14:24,8,1,8.1,8,2017/5/19 04:55,8,1
2017/5/20,19.2,8,1,27.8,8,2017/5/20 14:20,8,1,9.3,8,2017/5/20 04:58,8,1
2017/5/21,22.1,8,1,30.0,8,2017/5/21 14:32,8,1,13.1,8,2017/5/21 04:28,8,1
2017/5/22,21.6,8,1,29.6,8,2017/5/22 13:02,8,1,13.6,8,2017/5/22 04:54,8,1
2017/5/23,19.8,8,1,25.9,8,2017/5/23 14:27,8,1,11.9,8,2017/5/23 04:25,8,1
2017/5/24,18.4,8,1,21.7,8,2017/5/24 14:01,8,1,16.4,8,2017/5/24 04:50,8,1
2017/5/25,17.4,8,1,18.9,8,2017/5/25 15:47,8,1,16.3,8,2017/5/26 0:00,8,1
2017/5/26,15.9,8,1,16.9,8,2017/5/26 16:29,8,1,15.3,8,2017/5/26 10:50,8,1
2017/5/27,14.7,8,1,16.5,8,2017/5/27 18:01,8,1,12.9,8,2017/5/27 06:50,8,1
2017/5/28,16.7,8,1,22.9,8,2017/5/28 13:28,8,1,11.0,8,2017/5/28 23:57,8,1
2017/5/29,17.8,8,1,25.2,8,2017/5/29 15:42,8,1,7.7,8,2017/5/29 04:41,8,1
2017/5/30,20.4,8,1,27.8,8,2017/5/30 16:03,8,1,11.6,8,2017/5/30 03:54,8,1
2017/5/31,22.1,8,1,28.0,8,2017/5/31 14:08,8,1,16.3,8,2017/5/31 02:06,8,1
2017/6/1,18.5,8,1,22.6,8,2017/6/1 13:06,8,1,15.8,8,2017/6/1 21:17,8,1
2017/6/2,16.7,8,1,22.6,8,2017/6/2 09:31,8,1,13.1,8,2017/6/2 22:53,8,1
2017/6/3,15.7,8,1,21.4,8,2017/6/3 13:07,8,1,9.9,8,2017/6/3 23:07,8,1
2017/6/4,15.6,8,1,20.4,8,2017/6/4 14:01,8,1,10.3,8,2017/6/4 00:25,8,1
2017/6/5,15.6,8,1,22.0,8,2017/6/5 14:21,8,1,6.8,8,2017/6/5 04:14,8,1
2017/6/6,15.4,8,1,21.3,8,2017/6/6 15:01,8,1,7.7,8,2017/6/6 03:37,8,1
2017/6/7,16.5,8,1,19.2,8,2017/6/7 15:51,8,1,13.7,8,2017/6/7 04:45,8,1
2017/6/8,18.8,8,1,23.5,8,2017/6/8 13:58,8,1,14.8,8,2017/6/8 05:53,8,1
2017/6/9,19.7,8,1,25.2,8,2017/6/9 13:33,8,1,13.4,8,2017/6/9 04:37,8,1
2017/6/10,16.4,8,1,23.7,8,2017/6/10 12:16,8,1,9.1,8,2017/6/10 23:58,8,1
2017/6/11,17.0,8,1,23.7,8,2017/6/11 15:04,8,1,6.7,8,2017/6/11 02:41,8,1
2017/6/12,16.5,8,1,21.0,8,2017/6/12 15:41,8,1,11.2,8,2017/6/12 23:51,8,1
2017/6/13,13.3,8,1,15.1,8,2017/6/13 14:06,8,1,11.8,8,2017/6/13 00:02,8,1
2017/6/14,16.5,8,1,22.7,8,2017/6/14 14:32,8,1,9.4,8,2017/6/14 03:07,8,1
2017/6/15,17.7,8,1,22.7,8,2017/6/15 15:00,8,1,14.3,8,2017/6/15 04:47,8,1
2017/6/16,18.5,8,1,23.9,8,2017/6/16 11:31,8,1,15.4,8,2017/6/17 0:00,8,1
2017/6/17,18.0,8,1,24.8,8,2017/6/17 15:17,8,1,9.8,8,2017/6/17 04:30,8,1
2017/6/18,17.5,8,1,21.4,8,2017/6/18 15:41,8,1,13.0,8,2017/6/18 04:55,8,1
2017/6/19,19.6,8,1,26.6,8,2017/6/19 15:00,8,1,13.1,8,2017/6/19 23:56,8,1
2017/6/20,19.8,8,1,26.5,8,2017/6/20 15:24,8,1,11.9,8,2017/6/20 02:27,8,1
2017/6/21,18.7,8,1,19.6,8,2017/6/21 00:23,8,1,17.4,8,2017/6/21 12:53,8,1
2017/6/22,20.4,8,1,25.0,8,2017/6/22 14:27,8,1,15.3,8,2017/6/22 23:02,8,1
2017/6/23,20.8,8,1,26.6,8,2017/6/23 12:50,8,1,13.4,8,2017/6/23 03:54,8,1
2017/6/24,21.9,8,1,26.7,8,2017/6/24 14:20,8,1,18.1,8,2017/6/24 00:29,8,1
2017/6/25,21.0,8,1,24.0,8,2017/6/25 13:41,8,1,18.3,8,2017/6/26 0:00,8,1
2017/6/26,21.7,8,1,25.9,8,2017/6/26 14:45,8,1,17.7,8,2017/6/26 01:42,8,1
2017/6/27,20.7,8,1,24.7,8,2017/6/27 14:04,8,1,18.3,8,2017/6/27 04:59,8,1
2017/6/28,21.1,8,1,24.4,8,2017/6/28 15:38,8,1,18.5,8,2017/6/28 04:40,8,1
2017/6/29,22.8,8,1,27.1,8,2017/6/29 15:35,8,1,18.3,8,2017/6/29 04:50,8,1
2017/6/30,22.1,8,1,24.3,8,2017/6/30 14:13,8,1,20.6,8,2017/6/30 05:27,8,1
2017/7/1,20.5,8,1,21.9,8,2017/7/1 00:22,8,1,19.4,8,2017/7/1 21:22,8,1
2017/7/2,23.5,8,1,28.2,8,2017/7/2 10:40,8,1,19.2,8,2017/7/2 04:53,8,1
2017/7/3,23.9,8,1,27.9,8,2017/7/3 16:30,8,1,20.7,8,2017/7/3 05:48,8,1
2017/7/4,22.2,8,1,23.8,8,2017/7/4 11:39,8,1,20.3,8,2017/7/5 0:00,8,1
2017/7/5,24.0,8,1,30.0,8,2017/7/5 14:32,8,1,19.2,8,2017/7/5 23:59,8,1
2017/7/6,22.4,8,1,27.9,8,2017/7/6 13:23,8,1,17.2,8,2017/7/6 02:57,8,1
2017/7/7,24.7,8,1,30.1,8,2017/7/7 16:34,8,1,18.5,8,2017/7/7 05:04,8,1
2017/7/8,25.7,8,1,32.7,8,2017/7/8 13:49,8,1,19.6,8,2017/7/8 04:50,8,1
2017/7/9,25.5,8,1,32.0,8,2017/7/9 14:30,8,1,19.3,8,2017/7/9 04:40,8,1
2017/7/10,25.4,8,1,31.8,8,2017/7/10 14:55,8,1,17.9,8,2017/7/10 04:31,8,1
2017/7/11,25.1,8,1,30.5,8,2017/7/11 15:40,8,1,19.8,8,2017/7/11 01:49,8,1
2017/7/12,24.8,8,1,30.6,8,2017/7/12 12:27,8,1,22.5,8,2017/7/12 05:11,8,1
2017/7/13,24.6,8,1,28.2,8,2017/7/13 12:35,8,1,23.1,8,2017/7/13 05:34,8,1
2017/7/14,25.4,8,1,30.2,8,2017/7/14 14:12,8,1,20.6,8,2017/7/14 23:52,8,1
2017/7/15,25.2,8,1,31.4,8,2017/7/15 13:21,8,1,18.8,8,2017/7/15 03:46,8,1
2017/7/16,25.3,8,1,29.3,8,2017/7/16 13:02,8,1,20.9,8,2017/7/16 04:36,8,1
2017/7/17,26.3,8,1,32.2,8,2017/7/17 14:19,8,1,21.5,8,2017/7/17 22:34,8,1
2017/7/18,21.2,8,1,24.0,8,2017/7/18 14:54,8,1,18.1,8,2017/7/18 23:58,8,1
2017/7/19,22.8,8,1,28.7,8,2017/7/19 13:31,8,1,16.1,8,2017/7/19 04:31,8,1
2017/7/20,24.2,5,1,29.6,5,2017/7/20 16:54,5,1,20.5,5,2017/7/20 04:30,5,1
2017/7/21,26.3,8,1,31.2,8,2017/7/21 13:45,8,1,23.2,8,2017/7/21 05:00,8,1
2017/7/22,25.3,8,1,29.9,8,2017/7/22 13:22,8,1,23.0,8,2017/7/23 0:00,8,1
2017/7/23,23.9,8,1,25.4,8,2017/7/23 16:52,8,1,22.9,8,2017/7/23 00:11,8,1
2017/7/24,24.0,8,1,25.4,8,2017/7/24 14:56,8,1,22.9,8,2017/7/24 06:24,8,1
2017/7/25,24.6,8,1,27.3,8,2017/7/25 14:01,8,1,22.8,8,2017/7/25 23:46,8,1
2017/7/26,23.8,8,1,27.6,8,2017/7/26 16:29,8,1,19.9,8,2017/7/27 0:00,8,1
2017/7/27,22.2,8,1,25.3,8,2017/7/27 12:46,8,1,18.6,8,2017/7/27 04:31,8,1
2017/7/28,24.2,8,1,29.0,8,2017/7/28 14:40,8,1,21.4,8,2017/7/29 0:00,8,1
2017/7/29,22.4,8,1,25.7,8,2017/7/29 13:32,8,1,21.1,8,2017/7/29 21:06,8,1
2017/7/30,22.7,8,1,26.2,8,2017/7/30 11:13,8,1,20.3,8,2017/7/30 05:39,8,1
2017/7/31,24.4,8,1,28.3,8,2017/7/31 13:27,8,1,21.6,8,2017/7/31 04:45,8,1
2017/8/1,23.3,8,1,26.7,8,2017/8/1 13:03,8,1,20.4,8,2017/8/1 23:58,8,1
2017/8/2,21.3,8,1,25.0,8,2017/8/2 15:08,8,1,18.6,8,2017/8/2 05:01,8,1
2017/8/3,20.8,8,1,24.1,8,2017/8/3 13:40,8,1,17.7,8,2017/8/3 05:59,8,1
2017/8/4,22.3,8,1,25.0,8,2017/8/4 13:14,8,1,20.0,8,2017/8/4 04:45,8,1
2017/8/5,25.1,8,1,29.5,8,2017/8/5 13:27,8,1,21.9,8,2017/8/5 05:22,8,1
2017/8/6,25.1,8,1,28.7,8,2017/8/6 16:01,8,1,22.2,8,2017/8/6 05:53,8,1
2017/8/7,26.1,8,1,30.4,8,2017/8/7 14:13,8,1,23.1,8,2017/8/8 0:00,8,1
2017/8/8,24.3,8,1,26.6,8,2017/8/8 12:11,8,1,22.7,8,2017/8/8 00:44,8,1
2017/8/9,26.5,8,1,31.8,8,2017/8/9 12:56,8,1,22.5,8,2017/8/9 22:25,8,1
2017/8/10,23.3,8,1,27.1,8,2017/8/10 14:10,8,1,20.4,8,2017/8/10 23:57,8,1
2017/8/11,21.0,8,1,23.5,8,2017/8/11 13:12,8,1,19.4,8,2017/8/11 06:15,8,1
2017/8/12,22.7,8,1,26.8,8,2017/8/12 14:45,8,1,19.4,8,2017/8/12 05:32,8,1
2017/8/13,23.6,8,1,29.2,8,2017/8/13 13:36,8,1,20.4,8,2017/8/13 05:08,8,1
2017/8/14,22.2,8,1,24.2,8,2017/8/14 12:59,8,1,21.1,8,2017/8/15 0:00,8,1
2017/8/15,20.8,8,1,21.7,8,2017/8/15 15:30,8,1,20.0,8,2017/8/16 0:00,8,1
2017/8/16,20.3,8,1,22.3,8,2017/8/16 16:00,8,1,18.7,8,2017/8/16 06:50,8,1
2017/8/17,22.0,8,1,25.3,8,2017/8/17 11:21,8,1,19.7,8,2017/8/17 05:18,8,1
2017/8/18,22.2,8,1,24.5,8,2017/8/18 16:27,8,1,21.1,8,2017/8/18 06:03,8,1
2017/8/19,22.5,8,1,27.7,8,2017/8/19 11:18,8,1,20.2,8,2017/8/20 0:00,8,1
2017/8/20,22.5,8,1,25.7,8,2017/8/20 12:52,8,1,20.0,8,2017/8/20 01:06,8,1
2017/8/21,23.1,8,1,26.0,8,2017/8/21 14:57,8,1,21.0,8,2017/8/21 03:08,8,1
2017/8/22,23.8,8,1,28.2,8,2017/8/22 14:18,8,1,21.6,8,2017/8/23 0:00,8,1
2017/8/23,25.5,8,1,31.5,8,2017/8/23 12:02,8,1,20.6,8,2017/8/23 03:28,8,1
2017/8/24,25.8,8,1,31.5,8,2017/8/24 15:33,8,1,21.3,8,2017/8/24 05:13,8,1
2017/8/25,24.5,8,1,28.5,8,2017/8/25 13:50,8,1,21.2,8,2017/8/25 01:42,8,1
2017/8/26,24.6,8,1,30.3,8,2017/8/26 13:10,8,1,19.8,8,2017/8/26 23:44,8,1
2017/8/27,20.9,8,1,24.9,8,2017/8/27 13:09,8,1,15.1,8,2017/8/28 0:00,8,1
2017/8/28,21.4,8,1,26.8,8,2017/8/28 14:58,8,1,14.7,8,2017/8/28 00:30,8,1
2017/8/29,24.5,8,1,29.1,8,2017/8/29 12:53,8,1,21.0,8,2017/8/29 00:15,8,1
2017/8/30,22.5,8,1,25.0,8,2017/8/30 07:59,8,1,19.7,8,2017/8/31 0:00,8,1
2017/8/31,19.6,8,1,23.9,8,2017/8/31 09:57,8,1,16.6,8,2017/8/31 23:45,8,1
2017/9/1,20.1,8,1,25.1,8,2017/9/1 13:50,8,1,15.9,8,2017/9/2 0:00,8,1
2017/9/2,17.3,8,1,21.9,8,2017/9/2 14:36,8,1,14.9,8,2017/9/2 04:17,8,1
2017/9/3,19.7,8,1,25.9,8,2017/9/3 14:23,8,1,12.7,8,2017/9/3 05:37,8,1
2017/9/4,17.4,8,1,23.2,8,2017/9/4 12:01,8,1,12.9,8,2017/9/4 05:14,8,1
2017/9/5,20.0,8,1,26.3,8,2017/9/5 13:22,8,1,12.9,8,2017/9/5 03:30,8,1
2017/9/6,19.7,8,1,21.0,8,2017/9/6 15:28,8,1,18.6,8,2017/9/6 09:56,8,1
2017/9/7,20.2,8,1,22.1,8,2017/9/7 14:58,8,1,18.8,8,2017/9/7 02:56,8,1
2017/9/8,22.0,8,1,26.8,8,2017/9/8 13:21,8,1,17.6,8,2017/9/8 23:48,8,1
2017/9/9,20.3,8,1,27.2,8,2017/9/9 14:52,8,1,14.0,8,2017/9/9 05:19,8,1
2017/9/10,21.1,8,1,27.7,8,2017/9/10 13:20,8,1,14.6,8,2017/9/10 05:13,8,1
2017/9/11,21.1,8,1,26.0,8,2017/9/11 12:25,8,1,17.5,8,2017/9/11 05:24,8,1
2017/9/12,22.2,8,1,25.2,8,2017/9/12 16:27,8,1,19.5,8,2017/9/12 03:46,8,1
2017/9/13,23.3,8,1,28.3,8,2017/9/13 12:47,8,1,18.5,8,2017/9/13 23:00,8,1
2017/9/14,21.2,8,1,27.2,8,2017/9/14 12:20,8,1,15.6,8,2017/9/14 04:58,8,1
2017/9/15,19.3,8,1,23.7,8,2017/9/15 12:45,8,1,13.4,8,2017/9/15 23:52,8,1
2017/9/16,16.3,8,1,19.3,8,2017/9/16 13:32,8,1,12.7,8,2017/9/16 03:54,8,1
2017/9/17,17.0,8,1,19.5,8,2017/9/17 23:40,8,1,15.4,8,2017/9/17 01:40,8,1
2017/9/18,23.0,8,1,29.2,8,2017/9/18 11:00,8,1,15.5,8,2017/9/18 23:54,8,1
2017/9/19,20.1,8,1,26.3,8,2017/9/19 13:46,8,1,13.8,8,2017/9/19 04:56,8,1
2017/9/20,19.4,8,1,22.8,8,2017/9/20 10:13,8,1,16.2,8,2017/9/20 04:09,8,1
2017/9/21,19.3,8,1,25.3,8,2017/9/21 13:27,8,1,14.2,8,2017/9/21 23:31,8,1
2017/9/22,17.8,8,1,21.5,8,2017/9/22 12:25,8,1,12.3,8,2017/9/22 02:53,8,1
2017/9/23,18.3,8,1,22.5,8,2017/9/23 12:02,8,1,15.5,8,2017/9/23 21:32,8,1
2017/9/24,19.0,8,1,25.1,8,2017/9/24 14:18,8,1,13.0,8,2017/9/24 05:35,8,1
2017/9/25,19.3,8,1,25.6,8,2017/9/25 14:47,8,1,13.4,8,2017/9/25 04:56,8,1
2017/9/26,19.4,8,1,25.7,8,2017/9/26 13:09,8,1,12.4,8,2017/9/26 05:48,8,1
2017/9/27,20.0,8,1,24.5,8,2017/9/27 12:29,8,1,16.7,8,2017/9/27 05:41,8,1
2017/9/28,17.1,8,1,22.5,8,2017/9/28 12:55,8,1,12.1,8,2017/9/28 23:53,8,1
2017/9/29,14.8,8,1,21.9,8,2017/9/29 15:04,8,1,7.0,8,2017/9/29 05:46,8,1
2017/9/30,16.1,8,1,22.1,8,2017/9/30 14:26,8,1,10.0,8,2017/9/30 23:54,8,1
2017/10/1,16.3,8,1,23.2,8,2017/10/1 13:38,8,1,7.8,8,2017/10/1 05:51,8,1
2017/10/2,18.0,8,1,22.8,8,2017/10/2 13:06,8,1,15.4,8,2017/10/2 01:36,8,1
2017/10/3,19.2,8,1,26.0,8,2017/10/3 13:24,8,1,15.7,8,2017/10/3 23:58,8,1
2017/10/4,14.2,8,1,18.6,8,2017/10/4 14:16,8,1,8.4,8,2017/10/5 0:00,8,1
2017/10/5,12.5,8,1,17.7,8,2017/10/5 14:10,8,1,5.8,8,2017/10/5 02:15,8,1
2017/10/6,13.2,8,1,16.4,8,2017/10/6 15:23,8,1,9.2,8,2017/10/6 02:11,8,1
2017/10/7,17.2,8,1,22.4,8,2017/10/7 13:58,8,1,14.3,8,2017/10/7 02:15,8,1
2017/10/8,19.1,8,1,25.5,8,2017/10/8 14:35,8,1,12.7,8,2017/10/8 05:40,8,1
2017/10/9,18.9,8,1,23.1,8,2017/10/9 14:32,8,1,16.6,8,2017/10/9 06:47,8,1
2017/10/10,19.9,8,1,24.6,8,2017/10/10 13:42,8,1,15.6,8,2017/10/10 04:48,8,1
2017/10/11,18.9,8,1,22.1,8,2017/10/11 12:23,8,1,15.6,8,2017/10/11 05:42,8,1
2017/10/12,17.5,8,1,23.9,8,2017/10/12 11:04,8,1,13.0,8,2017/10/12 23:59,8,1
2017/10/13,12.6,8,1,13.4,8,2017/10/13 17:27,8,1,11.4,8,2017/10/13 05:42,8,1
2017/10/14,12.7,8,1,14.9,8,2017/10/14 13:01,8,1,10.2,8,2017/10/14 22:41,8,1
2017/10/15,12.3,8,1,14.8,8,2017/10/15 13:54,8,1,10.0,8,2017/10/15 01:49,8,1
2017/10/16,9.8,8,1,11.1,8,2017/10/16 00:09,8,1,9.1,8,2017/10/16 11:51,8,1
2017/10/17,11.3,8,1,16.4,8,2017/10/17 14:07,8,1,7.5,8,2017/10/17 22:46,8,1
2017/10/18,12.7,8,1,17.1,8,2017/10/18 12:46,8,1,9.0,8,2017/10/18 23:22,8,1
2017/10/19,9.0,8,1,10.1,8,2017/10/19 23:14,8,1,7.9,8,2017/10/19 05:46,8,1
2017/10/20,12.9,8,1,16.2,8,2017/10/20 12:14,8,1,10.0,8,2017/10/20 02:06,8,1
2017/10/21,15.5,8,1,17.1,8,2017/10/21 13:54,8,1,13.8,8,2017/10/21 00:12,8,1
2017/10/22,16.1,8,1,17.2,8,2017/10/22 14:14,8,1,14.7,8,2017/10/23 0:00,8,1
2017/10/23,13.7,8,1,16.8,8,2017/10/23 09:55,8,1,11.0,8,2017/10/23 21:41,8,1
2017/10/24,10.9,8,1,13.6,8,2017/10/24 14:00,8,1,8.1,8,2017/10/24 22:58,8,1
2017/10/25,11.5,8,1,15.5,8,2017/10/25 12:56,8,1,5.4,8,2017/10/25 05:50,8,1
2017/10/26,11.4,8,1,19.0,8,2017/10/26 13:37,8,1,5.8,8,2017/10/26 23:43,8,1
2017/10/27,10.8,8,1,18.4,8,2017/10/27 14:27,8,1,4.0,8,2017/10/27 04:16,8,1
2017/10/28,11.8,8,1,14.6,8,2017/10/28 11:29,8,1,7.2,8,2017/10/28 00:02,8,1
2017/10/29,13.1,8,1,14.7,8,2017/10/29 22:37,8,1,11.8,8,2017/10/29 07:12,8,1
2017/10/30,10.6,8,1,15.9,8,2017/10/30 02:33,8,1,6.8,8,2017/10/31 0:00,8,1
2017/10/31,9.6,8,1,14.9,8,2017/10/31 12:55,8,1,4.0,8,2017/11/1 0:00,8,1
2017/11/1,8.7,8,1,14.8,8,2017/11/1 11:39,8,1,1.6,8,2017/11/1 04:46,8,1
2017/11/2,12.7,8,1,18.9,8,2017/11/2 13:47,8,1,7.9,8,2017/11/2 02:36,8,1
2017/11/3,13.1,8,1,20.6,8,2017/11/3 14:09,8,1,6.8,8,2017/11/3 02:17,8,1
2017/11/4,11.0,8,1,15.1,8,2017/11/4 11:44,8,1,8.5,8,2017/11/4 23:47,8,1
2017/11/5,7.8,8,1,13.6,8,2017/11/5 13:42,8,1,1.2,8,2017/11/5 22:10,8,1
2017/11/6,8.1,8,1,16.8,8,2017/11/6 14:43,8,1,0.4,8,2017/11/6 05:10,8,1
2017/11/7,10.7,8,1,19.4,8,2017/11/7 14:13,8,1,4.1,8,2017/11/7 06:24,8,1
2017/11/8,12.4,8,1,16.1,8,2017/11/8 13:59,8,1,6.7,8,2017/11/8 00:50,8,1
2017/11/9,11.3,8,1,15.2,8,2017/11/9 01:58,8,1,4.0,8,2017/11/9 23:11,8,1
2017/11/10,8.1,8,1,13.7,8,2017/11/10 14:15,8,1,0.4,8,2017/11/10 06:31,8,1
2017/11/11,8.6,8,1,15.9,8,2017/11/11 10:34,8,1,2.8,8,2017/11/11 02:25,8,1
2017/11/12,7.9,8,1,11.2,8,2017/11/12 13:18,8,1,2.4,8,2017/11/12 22:57,8,1
2017/11/13,7.6,8,1,13.4,8,2017/11/13 13:30,8,1,-1.5,8,2017/11/13 06:29,8,1
2017/11/14,10.5,8,1,15.7,8,2017/11/14 12:58,8,1,5.9,8,2017/11/14 23:31,8,1
2017/11/15,8.6,8,1,15.0,8,2017/11/15 12:39,8,1,3.2,8,2017/11/15 23:53,8,1
2017/11/16,5.3,8,1,9.7,8,2017/11/16 10:54,8,1,0.0,8,2017/11/16 21:58,8,1
2017/11/17,4.4,8,1,10.6,8,2017/11/17 14:15,8,1,-1.9,8,2017/11/17 05:35,8,1
2017/11/18,5.7,8,1,9.4,8,2017/11/18 18:46,8,1,1.9,8,2017/11/18 02:37,8,1
2017/11/19,3.5,8,1,6.7,8,2017/11/19 13:56,8,1,-1.6,8,2017/11/19 23:51,8,1
2017/11/20,2.4,8,1,6.0,8,2017/11/20 14:08,8,1,-2.2,8,2017/11/20 23:20,8,1
2017/11/21,2.5,8,1,6.3,8,2017/11/21 12:11,8,1,-4.0,8,2017/11/21 23:50,8,1
2017/11/22,3.1,8,1,8.3,8,2017/11/22 12:31,8,1,-5.1,8,2017/11/22 03:29,8,1
2017/11/23,7.8,8,1,12.3,8,2017/11/23 13:32,8,1,3.9,8,2017/11/23 23:55,8,1
2017/11/24,3.0,8,1,10.8,8,2017/11/24 11:14,8,1,-2.8,8,2017/11/25 0:00,8,1
2017/11/25,3.0,8,1,11.2,8,2017/11/25 11:45,8,1,-3.9,8,2017/11/25 04:02,8,1
2017/11/26,5.9,8,1,12.4,8,2017/11/26 13:41,8,1,-0.7,8,2017/11/26 06:25,8,1
2017/11/27,7.6,8,1,10.7,8,2017/11/27 13:54,8,1,4.5,8,2017/11/27 06:44,8,1
2017/11/28,7.5,8,1,14.0,8,2017/11/28 14:36,8,1,1.1,8,2017/11/28 05:32,8,1
2017/11/29,9.2,8,1,16.2,8,2017/11/29 13:48,8,1,1.3,8,2017/11/29 06:35,8,1
2017/11/30,6.1,8,1,10.8,8,2017/11/30 00:08,8,1,3.7,8,2017/11/30 21:17,8,1
2017/12/1,3.7,8,1,7.1,8,2017/12/1 14:09,8,1,0.9,8,2017/12/2 0:00,8,1
2017/12/2,3.2,8,1,8.4,8,2017/12/2 12:33,8,1,-0.6,8,2017/12/2 22:46,8,1
2017/12/3,3.5,8,1,11.1,8,2017/12/3 13:44,8,1,-2.6,8,2017/12/3 03:12,8,1
2017/12/4,5.3,8,1,13.0,8,2017/12/4 10:54,8,1,-2.9,8,2017/12/4 06:22,8,1
2017/12/5,4.6,8,1,11.5,8,2017/12/5 11:59,8,1,0.3,8,2017/12/5 05:04,8,1
2017/12/6,1.8,8,1,6.5,8,2017/12/6 13:48,8,1,-2.7,8,2017/12/6 06:06,8,1
2017/12/7,1.8,8,1,8.6,8,2017/12/7 13:04,8,1,-3.7,8,2017/12/7 06:49,8,1
2017/12/8,2.3,8,1,8.3,8,2017/12/8 11:48,8,1,-3.0,8,2017/12/8 03:17,8,1
2017/12/9,1.4,8,1,5.7,8,2017/12/9 11:19,8,1,-4.3,8,2017/12/9 23:40,8,1
2017/12/10,1.6,8,1,9.7,8,2017/12/10 13:18,8,1,-4.9,8,2017/12/10 06:14,8,1
2017/12/11,3.9,8,1,12.6,8,2017/12/11 11:38,8,1,-4.0,8,2017/12/11 06:02,8,1
2017/12/12,1.6,8,1,5.6,8,2017/12/12 13:25,8,1,-1.6,8,2017/12/12 01:21,8,1
2017/12/13,-0.1,8,1,3.9,8,2017/12/13 11:25,8,1,-2.6,8,2017/12/13 04:48,8,1
2017/12/14,1.5,8,1,5.4,8,2017/12/14 14:34,8,1,-3.2,8,2017/12/14 03:48,8,1
2017/12/15,1.8,8,1,7.7,8,2017/12/15 13:24,8,1,-2.8,8,2017/12/15 07:13,8,1
2017/12/16,3.0,8,1,9.8,8,2017/12/16 14:03,8,1,-3.4,8,2017/12/16 06:31,8,1
2017/12/17,1.0,8,1,6.9,8,2017/12/17 00:45,8,1,-2.0,8,2017/12/17 22:42,8,1
2017/12/18,-0.1,8,1,6.7,8,2017/12/18 13:49,8,1,-4.3,8,2017/12/18 06:58,8,1
2017/12/19,1.0,8,1,9.4,8,2017/12/19 13:58,8,1,-5.5,8,2017/12/19 06:47,8,1
2017/12/20,0.5,8,1,6.5,8,2017/12/20 14:01,8,1,-4.8,8,2017/12/20 22:00,8,1
2017/12/21,1.2,8,1,7.9,8,2017/12/21 14:29,8,1,-4.0,8,2017/12/21 23:59,8,1
2017/12/22,0.3,8,1,8.8,8,2017/12/22 13:38,8,1,-6.1,8,2017/12/22 06:17,8,1
2017/12/23,2.6,8,1,11.7,8,2017/12/23 12:35,8,1,-4.8,8,2017/12/23 05:28,8,1
2017/12/24,3.4,8,1,9.6,8,2017/12/24 14:57,8,1,-4.1,8,2017/12/24 06:03,8,1
2017/12/25,5.2,8,1,9.7,8,2017/12/25 06:50,8,1,0.9,8,2017/12/26 0:00,8,1
2017/12/26,1.7,8,1,10.5,8,2017/12/26 12:59,8,1,-3.9,8,2017/12/26 06:55,8,1
2017/12/27,-3.1,8,1,-1.3,8,2017/12/27 00:02,8,1,-5.7,8,2017/12/27 23:59,8,1
2017/12/28,-1.7,8,1,1.8,8,2017/12/28 13:06,8,1,-6.2,8,2017/12/28 00:07,8,1
2017/12/29,1.2,8,1,4.9,8,2017/12/29 13:53,8,1,-4.0,8,2017/12/29 02:30,8,1
2017/12/30,2.1,8,1,5.1,8,2017/12/30 11:25,8,1,-1.7,8,2017/12/30 23:06,8,1
2017/12/31,-0.1,8,1,2.9,8,2017/12/31 13:07,8,1,-3.2,8,2017/12/31 03:20,8,1
2018/1/1,3.4,8,1,7.2,8,2018/1/1 10:04,8,1,-2.9,8,2018/1/1 00:49,8,1
2018/1/2,1.5,8,1,5.0,8,2018/1/2 14:10,8,1,-1.8,8,2018/1/2 06:00,8,1
2018/1/3,-0.5,8,1,2.2,8,2018/1/3 14:17,8,1,-3.2,8,2018/1/3 07:28,8,1
2018/1/4,0.5,8,1,1.9,8,2018/1/4 11:07,8,1,-1.0,8,2018/1/4 20:48,8,1
2018/1/5,-1.0,8,1,3.1,8,2018/1/5 14:47,8,1,-5.2,8,2018/1/5 23:55,8,1
2018/1/6,1.4,8,1,7.6,8,2018/1/6 14:33,8,1,-4.8,8,2018/1/6 00:04,8,1
2018/1/7,1.8,8,1,4.6,8,2018/1/7 14:08,8,1,-2.1,8,2018/1/7 22:18,8,1
2018/1/8,2.6,8,1,7.5,8,2018/1/8 13:11,8,1,-3.1,8,2018/1/8 01:07,8,1
2018/1/9,5.4,8,1,11.6,8,2018/1/9 12:09,8,1,0.2,8,2018/1/9 23:43,8,1
2018/1/10,1.6,8,1,9.4,8,2018/1/10 14:51,8,1,-5.4,8,2018/1/10 06:42,8,1
2018/1/11,-0.1,8,1,5.1,8,2018/1/11 14:30,8,1,-5.9,8,2018/1/11 23:39,8,1
2018/1/12,-2.4,8,1,2.8,8,2018/1/12 12:00,8,1,-7.1,8,2018/1/12 02:20,8,1
2018/1/13,-1.4,8,1,4.2,8,2018/1/13 13:55,8,1,-8.5,8,2018/1/13 06:24,8,1
2018/1/14,-0.6,8,1,4.1,8,2018/1/14 13:26,8,1,-8.2,8,2018/1/15 0:00,8,1
2018/1/15,-1.9,8,1,6.1,8,2018/1/15 14:54,8,1,-9.1,8,2018/1/15 05:55,8,1
2018/1/16,5.0,8,1,10.1,8,2018/1/16 13:58,8,1,-0.7,8,2018/1/16 22:04,8,1
2018/1/17,4.2,8,1,7.8,8,2018/1/17 12:31,8,1,-0.1,8,2018/1/17 02:01,8,1
2018/1/18,7.2,8,1,11.3,8,2018/1/18 14:42,8,1,2.7,8,2018/1/18 02:29,8,1
2018/1/19,3.6,8,1,6.8,8,2018/1/19 12:57,8,1,-1.0,8,2018/1/19 21:15,8,1
2018/1/20,1.5,8,1,7.9,8,2018/1/20 14:19,8,1,-3.1,8,2018/1/20 07:13,8,1
2018/1/21,1.7,8,1,8.3,8,2018/1/21 14:43,8,1,-4.9,8,2018/1/21 06:57,8,1
2018/1/22,-1.5,8,1,0.1,8,2018/1/22 00:08,8,1,-3.4,8,2018/1/22 17:20,8,1
2018/1/23,-1.3,8,1,1.3,8,2018/1/23 15:04,8,1,-8.8,8,2018/1/23 06:58,8,1
2018/1/24,-6.1,8,1,0.4,8,2018/1/24 11:19,8,1,-12.1,8,2018/1/24 06:41,8,1
2018/1/25,-5.5,8,1,-2.2,8,2018/1/25 15:33,8,1,-8.7,8,2018/1/25 21:43,8,1
2018/1/26,-4.5,8,1,-2.2,8,2018/1/26 14:22,8,1,-6.5,8,2018/1/26 22:34,8,1
2018/1/27,-2.2,8,1,1.2,8,2018/1/27 11:58,8,1,-10.8,8,2018/1/27 05:17,8,1
2018/1/28,-2.5,8,1,0.9,8,2018/1/28 14:24,8,1,-8.0,8,2018/1/28 23:51,8,1
2018/1/29,-1.2,8,1,5.3,8,2018/1/29 13:34,8,1,-8.8,8,2018/1/29 03:52,8,1
2018/1/30,-3.4,8,1,0.3,8,2018/1/30 14:37,8,1,-10.2,8,2018/1/30 23:31,8,1
2018/1/31,-3.1,8,1,4.7,8,2018/1/31 15:07,8,1,-11.6,8,2018/1/31 06:14,8,1
2018/2/1,0.1,8,1,3.5,8,2018/2/1 14:43,8,1,-4.1,8,2018/2/1 06:25,8,1
2018/2/2,-0.4,8,1,2.2,8,2018/2/2 12:19,8,1,-2.7,8,2018/2/2 21:00,8,1
2018/2/3,1.3,8,1,5.9,8,2018/2/3 15:44,8,1,-4.0,8,2018/2/3 06:55,8,1
2018/2/4,0.8,8,1,5.1,8,2018/2/4 12:41,8,1,-5.0,8,2018/2/4 21:38,8,1
2018/2/5,-0.6,8,1,3.9,8,2018/2/5 10:54,8,1,-5.1,8,2018/2/5 23:38,8,1
2018/2/6,-2.8,8,1,3.1,8,2018/2/6 14:43,8,1,-9.9,8,2018/2/6 04:17,8,1
2018/2/7,-1.1,8,1,5.0,8,2018/2/7 12:57,8,1,-8.4,8,2018/2/7 06:59,8,1
2018/2/8,-1.0,8,1,5.1,8,2018/2/8 14:13,8,1,-9.1,8,2018/2/8 06:28,8,1
2018/2/9,-0.5,8,1,6.3,8,2018/2/9 14:32,8,1,-6.8,8,2018/2/9 06:30,8,1
2018/2/10,1.5,8,1,8.2,8,2018/2/10 14:14,8,1,-5.0,8,2018/2/10 06:29,8,1
